ID,X1,X2,X3,X4,X5,X6,X7,X8,X9,X10,X11,X12,X13,X14,X15,X16,X17,X18,X19,X20,X21,X22,X23,X24,X25,X26,X27,X28,X29,X30,X31,X32,X33,X34,X35,X36,X37,X38,X39,X40,X41,X42,X43,X44,X45,X46,X47,X48,X49,X50,X51,X52,X53,X54,X55,X56,X57,X58,X59,X60,X61,X62,X63,X64,X65,X66,X67,X68,X69,X70,X71,X72,X73,X74,X75,X76,X77,X78,X79,X80,X81,X82,S
73,0.01,0.71,0.08,1.13,0.11,0.02,0.42,1.66,0.29,0.02,0.03,0.03,0.01,0.06,1.42,0.03,0.01,0.02,0.0,0.19,0.05,-5.33,0.25,5.15,0.4,0.07,2.71,2.33,0.0,1.66,6.4,0.39,0.0,0.12,0.01,0.16,1.05,0.04,0.03,0.97,0.61,0.92,1.23,11102.07,0.03,0.34,34.34,2.93,2.73,5.16,0.02,0.68,2.11,0.01,0.01,0.02,0.12,0.02,-0.91,0.02,0.59,0.0,0.01,0.0,0.0,570.32,9146.18,3826.9,8621.7,168.18,523.84,0.89,0.89,0.96,0.98,1.33,2.02,0.84,0.97,0.92,-0.1,0.13,1
139,0.07,0.63,0.18,1.32,0.08,0.1,0.6,3.09,0.37,0.1,0.17,0.04,0.03,0.19,1.6,0.16,0.03,0.1,0.02,0.3,0.16,-18.12,0.71,4.31,0.2,0.27,5.31,4.78,3.09,3.09,9.76,0.44,1.0,0.24,0.03,0.58,1.09,0.12,0.04,1.19,0.56,1.46,1.71,3674.0,0.2,0.17,23.91,6.4,5.48,12.07,0.02,1.6,0.5,0.05,0.02,0.07,0.74,0.08,1.34,0.06,0.47,0.0,0.01,0.0,0.06,1023.07,3886.33,3122.01,3857.9,382.05,1494.84,1.04,1.03,1.31,1.44,1.47,5.64,3.32,1.27,1.36,5.19,-0.5,1
175,0.06,0.52,0.05,1.14,0.05,0.08,0.92,1.8,0.48,0.11,0.23,0.1,0.06,0.34,1.92,0.2,0.05,0.11,0.03,0.43,0.3,-4.47,0.08,4.4,0.29,0.22,4.9,3.31,1.8,1.82,1.8,0.65,1.0,0.12,0.06,0.65,0.87,0.19,0.11,0.77,0.35,0.8,1.08,1209.0,0.13,0.35,18.99,6.88,5.13,3.0,-0.03,0.74,1.15,0.08,0.05,0.16,0.5,0.24,-4.77,0.21,0.8,0.0,0.01,0.0,0.0,711.27,4163.5,1778.37,3245.6,341.42,568.24,1.0,0.93,0.92,0.82,6.3,-778.7,0.97,0.88,0.73,0.8,-0.58,1
290,0.22,0.3,0.41,2.98,0.22,0.29,2.26,2.28,0.68,0.29,1.38,0.14,0.14,1.06,3.31,0.91,0.13,0.27,0.1,0.46,0.85,-48.61,1.08,3.55,0.07,0.4,9.71,6.68,0.0,2.29,6.42,0.78,0.0,0.92,0.12,17.6,2.92,0.31,0.14,2.05,0.21,1.79,2.03,1455.37,0.32,0.14,181.75,5.52,11.0,5.99,0.2,1.92,0.3,0.12,0.05,0.38,1.22,0.55,0.94,0.19,0.42,0.0,0.01,0.0,0.14,1864.84,4433.85,4108.99,4624.25,1270.52,3331.43,1.15,1.2,1.08,1.22,0.86,1.63,1.71,0.97,1.09,-0.75,-2.44,1
21,0.04,0.66,0.21,1.36,0.05,0.07,0.51,5.88,0.34,0.06,0.12,0.01,0.01,0.12,1.51,0.09,0.01,0.06,0.01,0.29,0.08,7.66,1.14,5.32,0.09,0.18,9.76,8.78,0.0,5.88,9.01,0.4,0.0,0.3,0.01,0.2,1.01,0.07,0.01,1.22,0.6,1.79,2.14,45189.18,0.13,0.2,27.88,13.97,9.85,31.24,0.0,0.3,0.08,0.14,0.02,0.21,2.12,0.24,1.03,0.17,2.35,0.0,0.15,0.01,0.06,1053.75,5133.23,4983.84,5897.03,354.37,1883.05,1.07,1.07,1.16,1.07,0.71,4.27,0.7,1.1,1.14,-3.17,52.03,2
43,0.03,0.7,0.04,1.08,0.0,0.09,0.45,1.62,0.32,0.06,0.2,0.09,0.04,0.2,1.42,0.09,0.06,0.06,0.02,0.32,0.11,1.94,0.07,5.44,0.37,0.2,3.44,2.28,0.15,1.66,0.99,0.55,0.09,0.21,0.04,0.12,0.51,0.11,0.07,0.71,0.47,0.63,1.11,9827.0,0.1,0.75,6.1,11.78,3.48,3.25,-0.15,0.19,0.27,0.16,0.1,0.23,0.69,0.35,8.09,0.33,2.63,0.0,0.0,0.0,0.15,671.03,2252.92,1987.72,3412.99,212.31,425.51,0.9,0.9,0.99,0.92,1.2,1.92,0.93,0.76,0.98,1.44,8.52,2
45,0.14,0.39,0.54,2.97,0.46,0.18,1.57,2.04,0.61,0.17,0.67,0.1,0.09,0.55,2.57,0.43,0.09,0.17,0.07,0.15,0.42,11.44,2.9,5.32,0.18,0.28,6.84,4.81,0.0,2.04,1.77,0.73,0.0,0.15,0.08,0.22,0.75,0.2,0.1,2.09,0.27,3.28,3.9,113528.9,0.22,0.19,3.35,12.41,7.45,10.94,-0.04,7.64,1.62,0.02,0.01,0.05,0.15,0.06,-3.06,0.02,0.1,0.0,0.0,0.0,0.0,2195.76,7302.89,6794.82,7949.28,1342.35,7205.41,1.11,1.08,1.09,1.09,1.63,8.06,1.06,1.29,1.08,-0.32,-1.14,2
63,0.08,0.65,0.17,1.37,0.04,0.09,0.54,2.2,0.35,0.12,0.2,0.06,0.06,0.21,1.54,0.19,0.04,0.12,0.03,0.31,0.19,-4.2,0.47,5.09,0.29,0.34,4.53,3.22,0.0,2.21,2.19,0.54,0.0,0.06,0.05,0.35,0.89,0.17,0.08,0.97,0.46,0.95,1.47,21232.7,0.22,0.54,9.94,5.7,4.75,6.0,-0.02,8.58,5.11,0.01,0.0,0.01,0.05,0.02,-0.68,0.01,0.07,0.0,0.01,0.0,0.07,2551.89,9688.92,5365.42,7402.06,891.4,2431.33,1.18,1.16,1.01,1.05,1.77,7.9,1.08,1.08,1.02,0.13,-0.41,2
68,0.08,0.34,0.15,1.58,0.32,0.12,1.96,0.72,0.66,0.11,0.45,0.24,0.16,0.5,2.95,0.3,0.16,0.1,0.12,0.34,0.4,11.55,0.25,5.57,0.22,0.15,2.4,1.82,0.18,0.72,4.69,0.74,0.26,0.88,0.14,4.08,1.5,0.16,0.22,1.2,0.26,1.12,1.25,54632.0,0.12,0.12,35.46,4.52,2.79,1.21,0.23,1.36,0.89,0.06,0.08,0.18,0.74,0.24,1.64,0.15,0.6,0.0,0.01,0.01,0.02,2481.84,14120.06,10570.48,16179.51,1645.23,2767.33,1.15,1.12,1.12,1.21,1.3,6.34,0.76,1.29,1.1,1.31,1.7,2
95,0.16,0.4,0.5,2.52,0.48,0.2,1.51,1.32,0.6,0.2,0.62,0.18,0.18,0.58,2.51,0.5,0.15,0.2,0.12,0.12,0.47,50.96,2.87,5.02,0.24,0.33,3.44,2.83,0.46,1.33,3.85,0.67,0.35,0.26,0.15,0.29,0.83,0.23,0.17,2.08,0.33,3.47,3.87,52409.0,0.26,0.12,2.38,7.15,4.04,7.63,-0.05,1.33,0.23,0.12,0.09,0.3,1.7,0.36,3.8,0.14,0.6,0.0,0.0,0.0,0.14,1874.46,5511.58,4938.43,5626.05,1128.32,6502.15,1.21,1.19,1.06,1.01,1.39,5.31,0.95,0.98,1.01,-21.75,4.94,2
176,0.03,0.62,0.09,1.28,0.03,0.03,0.57,1.17,0.36,0.05,0.08,0.11,0.05,0.21,1.6,0.08,0.02,0.05,0.02,0.32,0.2,-3.03,0.16,4.58,0.48,0.15,3.37,1.82,0.0,1.19,0.55,0.64,0.0,0.19,0.04,0.1,0.47,0.15,0.13,0.69,0.34,0.63,1.13,3545.13,0.07,0.8,4.31,12.41,3.46,2.05,-0.17,0.15,0.58,0.17,0.15,0.28,0.6,0.51,5.55,0.4,3.3,0.0,0.02,0.0,0.0,801.95,10119.67,1880.49,5469.65,287.18,503.56,0.95,0.95,1.01,0.89,0.88,1.98,0.8,0.84,0.83,2.34,4.61,2
195,0.07,0.63,0.14,1.25,0.07,0.1,0.59,1.51,0.37,0.11,0.17,0.08,0.07,0.19,1.59,0.17,0.06,0.1,0.05,0.3,0.15,-10.13,0.49,4.34,0.41,0.28,2.54,2.28,1.51,1.54,5.99,0.44,1.0,0.02,0.07,0.22,0.67,0.13,0.09,1.13,0.56,1.27,1.49,3152.0,0.19,0.17,4.62,4.1,2.68,5.19,-0.13,27.73,9.6,0.0,0.0,0.0,0.04,0.0,0.28,0.0,0.02,0.0,0.0,0.0,0.01,1163.68,4557.34,3363.47,4164.95,433.09,1482.76,1.18,1.15,1.09,1.15,2.4,3.51,0.98,1.39,1.06,0.04,3.61,2
200,0.02,0.6,0.21,1.49,0.05,0.03,0.7,3.93,0.41,0.03,0.07,0.01,0.01,0.06,1.68,0.05,0.01,0.03,0.01,0.37,0.05,-8.19,0.55,3.91,0.07,0.07,9.35,6.55,0.0,3.94,2.55,0.59,0.0,0.77,0.01,0.13,1.09,0.07,0.02,1.05,0.42,1.11,1.58,1685.37,0.05,0.43,23.22,29.79,9.39,10.46,0.01,-0.31,-0.12,-0.07,-0.02,-0.12,-0.4,-0.17,1.24,-0.12,-2.43,0.0,0.02,0.0,0.02,660.11,9729.46,4113.23,9246.33,273.87,729.67,1.14,1.14,1.41,1.88,1.0,2.73,1.68,1.05,1.7,-0.84,-4.73,2
218,0.05,0.94,-0.44,0.19,0.27,0.08,0.49,0.41,0.46,0.07,0.14,0.32,0.19,0.14,1.06,0.07,0.18,0.07,0.12,0.19,0.11,9.38,-0.49,4.79,2.31,0.15,0.65,0.37,0.0,0.42,0.21,0.86,0.0,0.0,0.16,3.36,0.16,0.01,0.03,0.11,0.54,0.51,0.96,-27102.68,0.11,0.88,27.72,4.86,0.76,0.45,-1.58,1.51,1.71,0.03,0.08,0.03,0.08,0.06,-85.71,0.33,0.49,0.0,0.0,0.0,0.02,1531.02,9298.69,64234.65,10496.01,702.58,781.28,1.0,0.97,1.04,1.05,1.29,4.72,1.02,1.06,2.89,0.51,-0.55,2
238,0.06,0.59,0.39,1.95,0.07,0.09,0.69,2.04,0.41,0.11,0.21,0.07,0.04,0.23,1.69,0.15,0.04,0.09,0.03,0.34,0.19,-4.42,1.97,3.96,0.22,0.21,4.82,3.36,2.04,2.07,1.42,0.59,1.0,0.37,0.04,0.12,0.62,0.14,0.07,1.36,0.41,2.06,2.97,3584.0,0.16,0.44,3.73,19.7,4.96,10.31,-0.08,0.39,0.3,0.16,0.08,0.28,0.92,0.4,1.38,0.21,1.92,0.0,0.01,0.0,0.0,560.5,2632.31,1696.06,2666.8,229.4,1157.42,1.01,1.0,0.89,0.91,1.17,0.93,0.8,0.68,0.69,133.1,-26.86,2
245,-0.01,0.77,0.1,1.22,-0.64,0.04,0.09,1.09,0.07,0.19,0.08,0.06,0.04,0.08,1.3,0.05,0.03,0.04,-0.01,0.7,0.02,-0.24,0.23,4.16,0.7,0.53,2.29,1.39,0.0,1.1,1.45,0.37,0.0,0.0,0.03,-0.08,0.95,0.06,0.05,0.74,0.47,0.15,0.85,1468.8,-0.14,4.52,8.72,2.48,2.34,2.51,-0.02,0.19,-0.44,-0.05,-0.05,-0.06,-0.16,-0.11,-26.06,-0.09,-1.39,0.0,0.0,0.0,0.0,322.58,569.61,376.12,607.07,21.64,49.89,0.94,0.61,0.6,0.91,0.67,5.29,0.48,2.34,0.72,0.15,-0.12,2
302,-0.01,0.58,-0.03,0.92,-0.01,-0.01,0.69,3.57,0.4,0.0,-0.03,0.0,0.0,-0.02,1.73,-0.02,0.0,-0.01,0.0,0.41,-0.01,1.09,-0.06,3.25,0.16,-0.03,8.66,6.21,0.0,3.59,1.25,0.56,0.0,0.04,0.0,-0.04,0.49,0.09,0.02,0.66,0.42,0.65,0.91,-60.82,-0.02,0.41,20.06,19.22,8.58,5.77,-0.06,-0.06,0.0,0.13,0.04,0.23,0.8,0.32,20.73,0.34,-10.24,0.0,0.0,0.0,0.0,8944.04,-313308.37,40929.02,-279636.96,3588.93,5805.37,0.91,0.91,0.95,0.88,0.35,0.65,0.97,0.78,0.88,1.14,-1.3,2
303,0.19,1.44,-0.81,0.38,-8.96,0.2,-0.3,8.37,-0.44,0.25,0.15,0.03,0.03,0.19,0.7,0.17,0.02,0.25,0.02,8.52,0.19,-4.49,-1.63,2.87,0.14,-0.57,6.42,5.86,0.0,8.68,3.99,-0.31,0.0,0.2,0.03,142.84,0.38,0.33,0.04,0.35,1.31,-0.88,-0.63,-593.12,-0.44,-0.29,6260.32,35.84,6.38,16.85,-0.1,0.58,0.25,0.33,0.04,0.23,2.64,0.25,-2.0,0.66,1.32,0.0,0.0,0.0,0.0,-4671.14,10432.83,6245.62,8132.58,2046.07,4119.22,0.29,0.29,0.59,0.46,0.53,1.17,0.02,0.43,1.63,0.07,-0.03,2
324,0.57,0.13,0.47,17.92,0.59,0.15,7.28,0.3,0.92,0.15,5.53,0.51,0.69,1.22,7.91,0.98,0.5,0.12,1.87,0.33,4.49,-237.3,0.93,4.17,-0.83,0.13,6.5,1.42,0.3,0.3,4.37,1.02,1.0,13.84,0.41,8.94,15.62,0.12,0.41,3.91,0.03,1.82,2.02,6919.0,0.62,0.11,4.78,6.13,10.96,0.6,2.71,-0.86,0.0,-0.66,-2.18,-5.21,-6.67,-23.86,-2.27,-1.33,-5.34,0.0,0.0,0.01,0.01,3278.95,19758.64,24247.67,24444.33,3017.87,5977.54,2.0,2.46,6.07,3.3,1.53,27.16,1.36,1.71,1.59,15.43,6.56,2
342,0.13,0.55,0.46,2.14,0.13,0.16,0.81,1.99,0.45,0.18,0.41,0.09,0.1,0.33,1.81,0.32,0.08,0.18,0.06,0.31,0.26,-12.04,3.44,3.2,0.24,0.4,4.46,3.27,1.99,1.99,2.77,0.59,1.0,0.2,0.09,0.28,1.01,0.19,0.1,1.57,0.41,3.33,4.43,736.0,0.29,0.33,4.35,6.03,4.9,14.82,0.0,-1.29,-0.16,-0.1,-0.05,-0.18,-0.67,-0.25,10.98,-0.11,-0.56,0.0,0.0,0.0,0.02,2539.95,6882.44,5878.0,6389.81,1133.52,8459.93,1.12,1.1,1.15,1.16,1.32,19.36,1.19,1.18,0.97,2.72,-0.13,2
353,-3.46,0.97,-0.08,0.92,-3.83,3.65,0.03,2.9,0.03,0.1,3.87,1.27,0.01,3.78,1.03,0.09,1.26,0.09,-1.19,3.85,-3.52,0.02,-0.58,2.96,0.32,3.32,3.09,3.0,2.9,3.01,26.85,0.06,1.0,0.21,0.03,-53.89,0.85,0.06,0.02,0.89,0.94,0.2,0.42,-71.0,-130.5,1.13,45.29,4.81,3.08,21.53,0.21,-0.99,0.01,3.51,1.21,3.6,117.48,3.71,-90.24,4.05,39.88,0.0,0.0,0.0,0.0,24843.42,180.06,10438.6,7481.45,657.72,4877.05,0.61,0.6,0.21,0.9,6.64,51.79,1.53,0.86,0.84,-43.81,0.38,2
371,-0.16,0.28,0.25,1.92,-0.16,-0.16,2.59,0.91,0.72,-0.15,-0.56,-0.15,-0.14,-0.5,3.59,-0.55,-0.17,-0.15,-0.17,0.88,-0.5,51.85,0.55,3.21,0.13,-0.21,3.99,3.98,0.91,0.96,564.0,0.72,1.0,0.64,-0.17,-0.85,1.26,-0.14,-0.15,1.91,0.28,1.54,1.55,412.0,-0.22,0.0,4.97,5.35,3.29,1.95,0.06,-1.07,0.11,0.15,0.16,0.52,236.24,0.53,1.35,0.27,-0.95,0.0,0.0,0.0,0.0,568.28,-2630.68,-2998.61,-2673.98,409.99,877.74,0.6,0.73,0.85,0.76,-12.35,-4.45,0.64,0.48,0.84,-7.62,-3.66,2
402,-0.4,0.95,0.16,1.23,-1.06,-0.43,0.06,0.91,0.06,-0.4,-0.63,-0.39,-0.31,-0.37,1.06,-0.43,-0.48,-0.41,-0.44,1.12,-0.34,11.88,0.98,2.45,1.04,-7.21,1.96,1.42,0.91,0.93,1.11,0.32,1.0,0.1,-0.45,-0.73,0.42,-0.33,-0.36,0.89,0.68,0.35,2.0,44.0,-7.1,4.65,1.65,4.06,1.33,5.69,-0.31,-2.3,0.45,0.17,0.19,0.18,0.66,0.25,2.92,0.21,-0.43,0.0,0.0,0.0,0.0,188378.38,-24645.18,-32226.88,-26125.35,10617.1,66602.22,0.41,0.56,0.82,0.84,4.72,235.44,0.75,0.85,1.45,0.97,12.82,2
411,-0.08,0.75,0.51,10.95,-0.41,-0.08,0.34,0.1,0.25,-0.07,-1.48,-0.32,-0.4,-0.04,1.34,-0.1,-0.73,-0.08,-0.73,0.66,-0.04,73.53,1.15,3.12,6.2,-0.29,3.7,0.25,0.0,0.11,0.8,0.95,0.0,2.02,-0.72,-80.56,10.93,-0.03,-0.31,0.75,0.05,0.58,2.15,671.34,-0.3,2.73,110.73,0.23,2.04,0.23,3.46,-0.46,0.26,0.16,1.58,0.22,0.24,3.21,2.54,0.29,-2.18,0.0,0.0,0.0,0.0,13097.71,-44148.56,-102869.14,-44424.3,3332.5,7544.39,0.27,0.59,1.47,0.87,-1.14,20.72,0.02,0.82,0.12,2.47,0.57,2
414,0.01,0.49,0.67,3.05,-0.1,0.01,1.05,0.25,0.51,0.03,0.04,0.05,0.11,0.03,2.05,0.06,0.05,0.03,0.04,0.61,0.02,-1.86,152.5,2.66,1.96,0.05,0.78,0.52,0.25,0.28,0.18,0.67,1.0,0.03,0.11,0.01,0.09,0.03,0.13,2.04,0.33,116.83,153.83,305.0,0.02,0.32,0.26,14.25,0.77,57.0,-1.11,-0.28,0.0,-0.03,-0.13,-0.07,-0.2,-0.1,38.69,-0.03,-1.23,0.0,0.0,0.0,0.0,1316.07,53947.37,20500.0,24979.69,673.66,153750.0,0.56,0.6,0.92,0.92,0.88,1.91,0.91,1.14,0.9,-10.78,-0.98,2
6,-0.05,0.47,0.1,1.37,0.42,-0.04,1.13,0.92,0.53,-0.06,-0.15,0.01,-0.06,0.02,2.13,-0.13,-0.04,-0.06,-0.05,0.11,-0.01,-3.77,0.15,6.76,0.4,-0.12,3.74,2.1,0.06,0.93,0.97,0.74,0.07,0.44,-0.07,-0.32,0.76,-0.01,-0.01,0.77,0.26,0.83,1.15,566092.0,-0.1,0.39,5.77,10.75,3.49,1.44,-0.07,-0.26,0.25,0.19,0.21,0.41,0.93,0.73,11.08,0.53,-3.11,0.0,0.03,-0.02,0.02,673.96,-9002.51,-26359.36,-5791.56,356.89,558.76,0.7,0.8,1.19,0.99,0.89,4.88,0.93,1.01,1.21,1.42,-0.03,3
9,0.02,0.54,0.03,1.11,0.24,0.04,0.93,0.56,0.51,0.03,0.16,0.14,0.05,0.14,1.84,0.05,0.06,0.03,0.03,0.26,0.11,5.52,0.04,6.69,0.89,0.06,2.32,0.99,0.0,0.57,0.55,0.82,0.0,0.36,0.05,0.22,0.75,0.07,0.13,0.47,0.23,0.68,1.11,128163.84,0.04,0.62,6.62,6.16,2.41,0.75,-0.12,0.16,0.34,0.12,0.21,0.22,0.38,0.51,1042.44,0.46,4.05,0.0,0.03,0.01,0.0,300.23,4245.22,2176.73,5176.07,152.34,205.28,0.92,0.93,1.02,1.02,-1.9,-10.99,0.79,1.05,1.04,-34.74,-0.94,3
20,0.07,0.61,0.09,1.2,0.37,0.09,0.67,1.31,0.4,0.11,0.2,0.11,0.01,0.23,1.65,0.02,0.07,0.01,0.05,0.03,0.19,-0.65,0.19,6.04,0.43,0.03,2.96,2.2,0.0,1.35,1.94,0.56,0.0,0.27,0.01,0.28,0.67,0.06,0.04,0.89,0.45,0.88,1.21,97215.04,0.16,0.38,5.46,7.24,2.9,2.84,-0.12,-0.95,-0.66,-0.07,-0.05,-0.11,-0.45,-0.15,23.43,-0.13,-5.47,0.0,0.01,0.0,0.0,457.92,2016.64,3151.0,14527.92,184.86,401.65,0.87,0.9,1.05,1.12,1.35,5.57,1.16,1.02,1.01,0.73,15.81,3
24,0.14,0.45,0.17,1.65,0.51,0.18,1.22,1.18,0.55,0.18,0.72,0.2,0.17,0.52,2.22,0.39,0.16,0.18,0.12,0.04,0.43,23.68,0.29,5.89,0.34,0.32,3.95,2.24,1.18,1.18,1.24,0.75,1.0,0.21,0.15,0.8,0.95,0.13,0.11,0.93,0.26,0.95,1.29,127771.0,0.26,0.36,6.6,6.27,4.62,2.04,-0.01,2.31,0.79,0.06,0.05,0.14,0.32,0.24,3.98,0.15,0.35,0.01,0.09,1.53,0.0,3036.05,9082.24,13181.5,9506.64,1668.47,2883.35,1.08,1.05,1.1,0.93,0.73,2.64,0.9,1.25,1.31,1.03,1.45,3
25,0.04,0.34,0.27,2.56,0.06,0.05,2.05,0.74,0.69,0.05,0.28,0.11,0.07,0.25,2.97,0.14,0.06,0.05,0.05,0.63,0.22,-11.55,0.48,6.06,0.32,0.07,4.18,2.15,0.0,0.77,1.55,0.85,0.0,0.77,0.06,0.21,1.47,0.08,0.11,1.31,0.17,1.23,1.53,311284.59,0.06,0.24,3.92,6.05,4.27,1.32,0.12,0.91,0.87,0.04,0.06,0.13,0.26,0.25,5.99,0.1,0.9,0.01,0.22,0.94,0.0,395.02,5726.4,3243.44,5802.76,272.38,487.78,0.86,0.87,1.15,1.21,1.18,5.98,0.91,1.22,1.13,35.42,8.78,3
26,0.04,0.35,0.06,1.26,0.57,0.06,1.84,0.56,0.65,0.05,0.23,0.18,0.09,0.28,2.84,0.14,0.1,0.05,0.07,0.08,0.23,9.9,0.09,6.17,0.45,0.07,2.14,1.5,0.56,0.58,2.28,0.75,1.0,0.58,0.09,0.52,0.97,0.09,0.16,0.88,0.25,0.94,1.09,94529.0,0.06,0.16,7.79,5.82,2.27,0.81,-0.02,0.63,0.72,0.06,0.11,0.17,0.57,0.24,-21.6,0.19,1.23,0.0,0.04,0.07,0.06,467.13,5327.32,3318.8,6255.2,302.66,439.52,0.88,0.92,1.12,1.16,0.57,3.37,1.25,1.46,1.42,0.28,-0.04,3
35,0.28,0.52,0.38,2.05,0.35,0.27,0.91,3.15,0.47,0.27,0.75,0.09,0.08,0.55,1.91,0.46,0.09,0.24,0.09,0.12,0.56,2905.13,1.52,5.22,0.11,0.51,8.61,6.0,0.2,3.38,2.8,0.63,0.06,0.46,0.08,0.93,1.22,0.25,0.08,1.43,0.36,1.88,2.51,64218.0,0.6,0.34,10.42,11.33,8.65,12.48,0.03,-1.19,-0.05,-0.24,-0.08,-0.46,-1.5,-0.65,-5.39,-0.32,-0.99,0.0,0.03,0.0,0.0,360.23,621.97,676.98,712.23,170.79,676.25,1.24,1.23,1.07,1.06,0.41,1.37,0.95,1.11,1.13,3.39,1.24,3
39,0.04,0.36,0.25,1.77,0.04,0.04,1.8,0.96,0.64,0.05,0.14,0.1,0.05,0.27,2.8,0.12,0.05,0.04,0.04,0.61,0.25,-43.29,0.57,5.68,0.29,0.07,2.9,2.61,0.96,0.97,14.29,0.68,1.0,0.92,0.04,0.64,1.59,0.09,0.1,1.59,0.32,1.49,1.57,119606.0,0.06,0.06,17.11,4.47,3.0,2.23,0.22,0.62,0.88,0.06,0.06,0.16,1.62,0.18,20.8,0.1,1.36,0.0,0.03,0.03,0.05,937.55,13647.71,6434.04,14171.47,603.04,1396.41,0.87,0.89,1.12,1.33,1.46,10.5,1.0,1.41,1.24,-2.76,-0.61,3
40,0.02,0.25,0.06,1.7,0.08,0.02,3.08,0.4,0.76,0.02,0.3,0.26,0.05,0.43,4.07,0.09,0.06,0.02,0.04,0.67,0.39,9.93,0.07,6.07,0.47,0.03,4.64,1.56,0.05,0.4,0.73,0.92,0.14,0.67,0.05,0.77,1.44,0.1,0.25,0.57,0.08,0.88,1.07,66766.0,0.02,0.22,19.28,6.31,4.88,0.47,0.12,0.17,0.87,0.09,0.23,0.37,0.56,1.12,-2.95,0.66,4.38,0.0,0.01,0.0,0.0,200.81,6135.37,1498.95,7238.56,151.93,176.61,0.83,0.96,1.06,1.26,1.02,29.07,0.8,0.93,1.12,1.13,12.97,3
48,0.05,0.62,0.03,1.14,0.35,0.1,0.62,0.69,0.38,0.08,0.48,0.24,0.13,0.27,1.62,0.14,0.14,0.08,0.08,0.03,0.2,6.41,0.04,5.74,0.77,0.22,3.11,1.02,0.0,0.71,0.45,0.8,0.0,0.55,0.12,1.22,0.92,0.15,0.22,0.37,0.2,0.5,1.04,15665.97,0.14,1.09,15.28,9.37,3.41,0.9,-0.03,0.47,0.58,0.12,0.17,0.19,0.28,0.58,2.26,0.51,1.39,0.0,0.02,0.02,0.06,1331.48,5230.65,3330.18,6047.02,508.36,661.35,0.97,1.0,1.04,1.03,1.93,15.61,1.01,0.84,0.85,-1.04,-1.65,3
54,0.15,0.48,0.27,1.83,0.45,0.16,1.08,0.91,0.52,0.18,0.51,0.21,0.24,0.4,2.08,0.36,0.18,0.18,0.17,0.07,0.37,-12.41,0.65,5.57,0.45,0.34,2.29,1.53,1.57,0.91,1.96,0.68,1.72,0.23,0.19,0.54,0.96,0.2,0.22,1.23,0.32,1.27,1.65,99105.0,0.29,0.3,3.26,3.85,2.82,2.22,-0.02,3.34,0.57,0.05,0.05,0.09,0.29,0.14,0.84,0.08,0.26,0.0,0.01,0.01,0.0,1654.4,5223.14,4268.42,4896.99,859.28,2092.91,1.45,1.34,0.8,0.82,0.69,1.82,0.73,0.83,1.02,0.75,-0.44,3
57,-0.3,1.21,-0.28,0.74,-0.6,-0.27,-0.18,1.12,-0.21,-0.28,-0.26,-0.23,-0.2,-0.21,0.83,-0.24,-0.24,-0.29,-0.27,0.39,-0.24,-39.75,-1.26,5.44,1.01,1.35,1.37,1.21,0.0,1.17,5.33,-0.07,0.0,0.27,-0.26,-13.69,0.72,-0.27,-0.24,0.65,1.06,-0.96,-0.31,-76794.38,1.44,-0.67,50.39,2.34,1.06,5.09,-0.21,-0.94,0.04,0.32,0.29,0.27,2.27,0.31,34.35,0.41,-1.13,0.0,0.0,0.0,0.0,-543.88,-422.61,-423.87,-403.06,115.4,523.76,0.96,0.91,0.85,0.84,0.88,0.85,0.76,0.52,0.37,1.35,0.95,3
58,0.07,0.33,0.57,5.03,0.32,0.1,2.01,0.44,0.66,0.11,0.7,0.38,0.25,0.51,3.03,0.28,0.23,0.09,0.17,0.35,0.43,-7.03,1.84,5.82,-0.07,0.14,2.67,1.15,0.73,0.47,3.32,0.85,1.66,2.9,0.21,0.8,4.38,0.16,0.37,2.17,0.14,2.14,2.74,379683.0,0.11,0.28,4.8,2.09,3.1,1.42,1.58,0.62,0.58,0.12,0.27,0.36,0.63,0.83,1.02,0.17,1.28,0.0,0.0,0.0,0.0,756.08,5046.49,3117.67,5426.56,501.83,1615.7,0.52,0.49,1.02,1.02,0.02,24.47,1.0,1.0,0.61,3.21,1.34,3
60,0.03,0.46,0.07,1.29,0.47,0.13,1.18,0.76,0.54,0.1,0.55,0.22,0.13,0.37,2.18,0.2,0.17,0.09,0.04,0.07,0.15,2.72,0.1,5.59,0.53,0.17,2.85,1.49,0.31,0.78,0.86,0.76,0.41,0.28,0.12,0.27,0.79,0.13,0.17,0.68,0.24,0.78,1.1,27687.0,0.06,0.4,6.25,6.21,3.17,1.1,-0.08,0.41,0.47,0.08,0.1,0.17,0.36,0.33,3.65,0.25,0.84,0.0,0.01,0.01,0.0,1241.59,5122.6,5191.42,7226.57,673.76,972.44,0.97,0.93,1.16,1.24,1.04,4.09,1.73,1.23,1.38,-0.39,-0.72,3
67,0.11,0.62,0.02,1.09,0.1,0.18,0.62,1.27,0.38,0.16,0.75,0.18,0.14,0.37,1.62,0.25,0.14,0.16,0.09,0.28,0.26,7.11,0.03,5.32,0.46,0.41,4.57,1.81,0.33,1.28,0.51,0.76,0.26,0.26,0.12,1.47,0.78,0.2,0.16,0.43,0.24,0.52,1.03,4568.0,0.3,0.98,16.53,10.01,5.18,1.73,-0.05,2.98,1.19,0.04,0.03,0.06,0.1,0.15,1.77,0.14,0.24,0.0,0.03,0.02,0.0,629.43,1313.4,1181.32,1519.49,239.75,326.88,1.15,1.07,1.06,1.04,1.33,4.05,0.95,0.95,1.47,3.26,-4.38,3
70,0.06,0.6,0.15,1.4,0.1,0.08,0.7,1.01,0.42,0.08,0.2,0.1,0.08,0.16,1.67,0.12,0.08,0.07,0.06,0.32,0.14,-12.37,0.33,5.38,0.48,0.18,2.49,1.58,1.01,1.02,1.83,0.64,1.0,0.31,0.07,0.46,1.05,0.1,0.09,0.89,0.38,0.9,1.37,37142.0,0.15,0.52,7.51,3.59,2.66,2.18,0.02,3.01,1.04,0.02,0.02,0.03,0.09,0.05,-2.5,0.04,0.28,0.0,0.01,0.0,0.01,1128.76,6200.47,4954.48,6381.16,472.02,1016.42,1.22,1.19,0.92,0.83,3.26,8.99,0.9,1.08,0.71,-0.73,6.39,3
71,0.06,0.33,0.27,1.85,0.04,0.11,2.17,1.03,0.72,0.09,0.35,0.13,0.09,0.4,2.99,0.25,0.11,0.08,0.06,0.68,0.25,4.88,0.66,5.37,0.27,0.12,2.97,2.83,0.14,1.03,10.35,0.74,0.14,0.38,0.08,0.14,0.51,0.11,0.1,1.77,0.32,1.77,1.81,63864.0,0.08,0.02,2.41,24.38,3.24,2.52,-0.17,-0.87,-0.33,-0.07,-0.07,-0.21,-4.47,-0.22,1.04,-0.12,-0.83,0.0,0.0,0.0,0.02,1574.75,10348.95,10544.98,13411.22,1139.3,2782.25,1.39,1.32,1.01,1.05,1.0,3.99,1.03,0.91,0.97,0.91,-0.98,3
75,-0.03,0.44,0.16,1.69,0.52,-0.03,1.27,0.56,0.56,-0.01,-0.14,0.07,-0.01,0.09,2.27,-0.02,-0.06,-0.01,-0.06,0.04,0.09,0.31,0.26,5.59,0.72,-0.01,2.53,1.32,0.84,0.57,0.2,0.77,1.49,0.15,-0.01,-0.09,0.19,0.07,0.12,0.88,0.23,0.92,1.26,61876.0,-0.06,0.38,1.63,61.75,2.45,0.93,-0.35,-0.23,0.54,0.14,0.24,0.31,0.65,0.59,8.73,0.35,-17.26,0.0,0.0,0.0,0.0,810.79,-14257.19,6963.76,-57485.52,453.28,742.74,0.79,0.88,1.02,1.02,1.29,4.56,0.75,1.56,1.02,0.03,-1.1,3
76,0.03,0.61,0.11,1.21,0.2,0.03,0.64,1.53,0.39,0.04,0.06,0.03,0.03,0.08,1.64,0.06,0.02,0.04,0.02,0.19,0.07,-6.81,0.33,5.16,0.4,0.1,2.78,2.46,0.0,1.54,4.89,0.46,0.0,0.01,0.02,0.09,0.63,0.05,0.03,1.07,0.54,1.12,1.33,16217.01,0.07,0.18,4.94,4.54,2.84,4.42,-0.13,21.14,12.08,0.0,0.0,0.0,0.02,0.0,-0.21,0.0,0.03,0.0,0.01,0.0,0.04,420.85,4801.64,3085.65,4354.12,163.99,472.72,1.1,1.09,0.0,0.0,0.0,0.0,0.0,0.0,0.0,0.0,0.0,3
104,0.26,0.6,-0.06,0.86,0.14,0.33,0.67,2.04,0.4,0.34,0.76,0.19,0.2,0.64,1.67,0.57,0.16,0.34,0.13,0.26,0.53,-26.47,-0.09,4.75,0.28,0.85,3.98,2.88,0.0,2.07,1.55,0.57,0.0,0.07,0.17,2.18,0.59,0.39,0.19,0.63,0.43,0.64,0.91,-3291.03,0.65,0.41,17.11,9.15,4.71,3.27,-0.11,13.58,2.82,0.02,0.01,0.03,0.12,0.04,0.75,0.05,0.06,0.0,0.01,0.01,0.11,2847.9,3490.71,2897.59,3359.03,1144.36,1830.63,1.48,1.27,0.0,0.0,0.0,0.0,0.0,0.0,0.0,0.0,0.0,3
106,0.08,0.4,0.22,1.82,0.09,0.1,1.51,1.33,0.6,0.11,0.38,0.09,0.08,0.3,2.51,0.24,0.08,0.1,0.06,0.51,0.25,-30.07,0.43,4.92,0.22,0.16,4.63,3.1,1.33,1.33,1.65,0.73,1.0,0.41,0.07,0.31,0.82,0.11,0.08,1.22,0.27,1.17,1.43,18194.0,0.14,0.22,4.94,12.13,4.98,2.58,-0.04,3.15,0.58,0.03,0.02,0.07,0.2,0.1,0.99,0.05,0.27,0.0,0.02,0.01,0.0,985.13,5775.28,5280.59,6125.82,592.53,1153.41,0.96,0.97,0.0,0.0,0.0,0.0,0.0,0.0,0.0,0.0,0.0,3
113,0.08,0.51,0.16,1.55,0.13,0.09,0.97,1.2,0.5,0.11,0.33,0.11,0.1,0.27,1.94,0.21,0.08,0.11,0.06,0.37,0.23,-5.69,0.28,4.93,0.4,0.21,3.84,2.15,2.07,1.21,1.4,0.73,1.73,0.14,0.09,0.6,1.11,0.15,0.13,0.86,0.29,0.9,1.31,13436.0,0.15,0.45,9.57,4.31,4.17,2.15,0.03,1.23,0.71,0.06,0.05,0.12,0.27,0.21,-12.15,0.14,0.57,0.0,0.01,0.0,0.0,552.51,2938.43,1845.2,2592.54,276.61,497.57,1.02,1.0,1.0,1.04,0.82,4.16,0.97,1.43,0.97,1.11,-0.95,3
118,0.22,0.24,0.31,2.35,0.3,0.27,3.16,1.44,0.76,0.27,1.2,0.22,0.23,1.3,4.16,1.12,0.19,0.27,0.15,0.46,1.09,-106.22,0.65,4.82,0.14,0.35,5.27,4.97,1.44,1.46,22.32,0.77,1.0,0.16,0.19,0.98,1.36,0.31,0.22,2.21,0.23,1.62,1.65,20193.0,0.29,0.02,6.44,5.28,6.36,3.08,0.07,7.15,1.39,0.03,0.02,0.13,2.22,0.14,-18.89,0.06,0.11,0.0,0.01,0.01,0.04,1811.04,5085.28,4409.74,5108.96,1375.99,2940.35,1.19,1.09,0.98,0.83,1.82,6.42,1.0,1.04,1.04,0.3,-1.08,3
119,0.09,0.26,0.2,2.27,0.45,0.11,3.5,0.74,0.91,0.11,0.67,0.19,0.16,0.55,3.86,0.4,0.15,0.1,0.12,0.46,0.46,-35.18,0.32,5.11,0.29,0.11,3.97,2.46,1.25,0.74,2.01,1.01,1.69,0.31,0.14,0.52,1.24,0.14,0.19,1.41,0.16,1.43,1.58,26467.0,0.09,0.11,4.43,4.96,4.59,1.16,0.06,2.98,1.18,0.03,0.04,0.11,0.29,0.18,-0.34,0.08,0.28,0.0,0.0,0.0,0.03,1222.2,10282.71,8016.53,10645.13,1107.84,1744.77,1.14,1.07,1.09,1.41,3.66,27.48,1.1,1.34,0.95,-0.27,13.15,3
120,0.08,0.39,0.01,1.05,-0.04,0.1,1.57,1.01,0.61,0.09,0.38,0.13,0.09,0.34,2.57,0.23,0.1,0.09,0.08,0.65,0.28,11.99,0.02,4.97,0.33,0.15,3.47,2.4,1.01,1.02,1.58,0.73,1.0,0.19,0.09,0.86,0.71,0.06,0.06,0.73,0.27,0.85,1.02,1226.0,0.13,0.2,10.94,7.38,3.77,1.41,-0.09,-9.92,-3.78,-0.01,-0.01,-0.02,-0.07,-0.03,-0.22,-0.03,-0.09,0.0,0.01,0.0,0.0,385.8,2318.21,4039.6,2658.45,235.81,328.5,1.16,1.09,1.05,0.91,2.7,25.04,0.84,1.17,0.93,0.62,-30.5,3
137,-0.07,0.77,0.1,1.22,-0.1,-0.06,0.32,0.92,0.25,-0.04,-0.13,0.06,-0.05,0.07,1.3,-0.06,-0.06,-0.04,-0.07,0.35,0.06,3.08,0.23,4.83,0.81,-0.18,2.19,1.29,0.92,0.95,0.41,0.57,1.0,0.06,-0.05,-0.15,0.29,0.07,0.07,0.72,0.45,0.56,1.27,6908.0,-0.26,1.27,2.17,8.96,2.03,2.06,-0.36,-0.58,0.98,0.11,0.12,0.15,0.35,0.25,679.99,0.2,-2.53,0.0,0.0,0.0,0.0,970.03,-4163.79,3658.08,-5433.04,241.65,541.83,0.82,0.89,1.02,1.19,0.21,-0.38,1.18,1.17,1.1,-3.06,63.52,3
138,0.0,0.58,-0.21,0.55,0.01,0.04,0.73,0.73,0.42,0.02,0.07,0.13,0.02,0.16,1.73,0.03,0.05,0.02,-0.01,0.42,0.09,0.8,-0.29,4.95,0.77,0.04,1.52,1.24,0.13,0.73,1.08,0.53,0.17,0.07,0.02,-0.03,0.24,0.07,0.1,0.45,0.47,0.57,0.71,-18721.0,-0.01,0.25,5.03,8.92,1.54,0.98,-0.56,-0.05,0.62,0.09,0.12,0.15,0.84,0.19,6.55,0.35,5.74,0.0,0.0,0.0,0.0,894.76,10745.31,5313.24,24320.48,378.62,510.92,1.23,1.26,1.0,1.02,1.8,2.6,1.03,1.0,0.78,3.75,1.94,3
149,0.02,0.35,0.39,2.21,0.02,0.03,1.85,1.53,0.65,0.05,0.11,0.04,0.03,0.17,2.85,0.12,0.02,0.04,0.01,0.63,0.13,-2.57,1.31,4.56,0.16,0.06,4.71,4.28,1.53,1.55,16.1,0.68,1.0,0.58,0.03,0.11,1.6,0.07,0.04,2.01,0.32,2.2,2.31,14052.0,0.03,0.05,7.89,4.66,4.77,5.18,0.13,0.34,0.41,0.06,0.04,0.18,2.0,0.2,1.09,0.09,1.53,0.0,0.0,0.0,0.0,1368.26,26440.97,13187.91,21437.99,887.5,3012.45,0.99,0.71,0.0,0.0,0.0,0.0,0.0,0.0,0.0,0.0,0.0,3
150,0.0,0.0,0.0,0.0,0.0,0.0,0.0,0.0,0.0,0.0,0.0,0.0,0.0,0.0,0.0,0.0,0.0,0.0,0.0,0.0,0.0,0.0,0.0,0.0,0.0,0.0,0.0,0.0,0.0,0.0,0.0,0.0,0.0,0.0,0.0,0.0,0.0,0.0,0.0,0.0,0.0,0.0,0.0,0.0,0.0,0.0,0.0,0.0,0.0,0.0,0.0,0.0,0.0,0.0,0.0,0.0,0.0,0.0,0.0,0.0,0.0,0.0,0.0,0.0,0.0,0.0,0.0,0.0,0.0,0.0,0.0,0.0,0.0,1.02,0.91,-2.09,-11.73,0.69,1.15,1.26,5.46,-0.46,3
157,0.07,0.56,0.05,1.16,0.27,0.09,0.79,0.92,0.44,0.11,0.27,0.16,0.13,0.26,1.77,0.19,0.09,0.11,0.07,0.17,0.23,-4.95,0.08,4.76,0.58,0.24,2.56,1.46,1.59,0.93,0.89,0.69,1.73,0.1,0.12,0.43,0.67,0.17,0.18,0.66,0.32,0.71,1.09,2976.0,0.15,0.54,5.76,5.03,2.86,1.47,-0.14,1.43,1.25,0.05,0.05,0.09,0.2,0.15,-4.56,0.13,0.45,0.0,0.0,0.0,0.04,855.82,4435.4,2272.04,3549.28,380.03,606.51,0.95,0.9,0.0,0.0,0.0,0.0,0.0,0.0,0.0,0.0,0.0,3
160,0.22,0.27,0.11,1.6,0.44,0.27,2.77,1.1,0.73,0.27,1.42,0.27,0.33,1.13,3.77,1.03,0.24,0.27,0.2,0.29,0.95,-96.59,0.16,4.67,0.23,0.37,4.39,3.14,1.81,1.1,1.94,0.81,1.64,0.08,0.25,1.44,0.78,0.3,0.27,1.14,0.19,1.05,1.16,5305.0,0.3,0.1,7.1,8.32,5.82,1.58,-0.05,5.5,0.73,0.04,0.04,0.15,0.53,0.21,4.29,0.13,0.15,0.0,0.02,0.15,0.12,2563.53,6985.74,6238.49,6914.97,1883.69,2701.69,1.78,1.56,0.0,0.0,0.0,0.0,0.0,0.0,0.0,0.0,0.0,3
168,0.04,0.53,-0.03,0.9,0.04,0.05,0.89,1.0,0.47,0.06,0.18,0.09,0.06,0.17,1.89,0.11,0.05,0.06,0.04,0.43,0.15,-7.02,-0.04,4.68,0.53,0.13,3.26,1.81,1.75,1.02,0.55,0.71,1.76,0.01,0.06,0.3,0.44,0.1,0.1,0.5,0.29,0.64,0.96,-1441.0,0.09,0.5,7.48,7.97,3.41,1.36,-0.18,1.79,1.82,0.02,0.02,0.04,0.1,0.08,-13.32,0.09,0.38,0.0,0.01,0.0,0.0,628.37,5779.02,2948.08,4964.66,296.55,402.37,1.11,1.1,1.04,1.15,-2.65,-4.37,1.19,1.02,1.05,-0.8,-0.16,3
190,0.09,0.3,0.5,4.35,0.11,0.09,2.39,0.63,0.72,0.09,0.59,0.24,0.16,0.49,3.31,0.28,0.14,0.09,0.14,0.61,0.49,27.8,1.45,4.77,-0.2,0.12,3.61,1.79,0.63,0.63,4.23,0.87,1.0,3.25,0.14,8.62,4.28,0.03,0.04,2.16,0.15,2.08,2.52,29300.0,0.12,0.21,61.4,4.03,4.17,1.8,1.03,2.11,1.43,0.04,0.07,0.14,0.27,0.28,0.12,0.06,0.48,0.0,0.0,0.0,0.0,5832.58,47179.32,158827.16,48907.61,4212.46,12155.1,4.39,4.55,0.0,0.0,0.0,0.0,0.0,0.0,0.0,0.0,0.0,3
198,0.04,0.28,0.7,4.08,0.03,0.05,2.67,1.38,0.74,0.06,0.22,0.05,0.04,0.23,3.63,0.19,0.04,0.05,0.03,0.71,0.18,-5.95,9.99,4.38,0.13,0.07,5.85,4.84,1.38,1.39,6.85,0.78,1.0,0.47,0.04,0.06,1.44,0.07,0.05,3.37,0.23,10.47,11.15,16998.0,0.05,0.07,2.29,6.23,6.04,19.59,0.08,-0.31,-0.11,-0.12,-0.09,-0.43,-2.45,-0.52,4.08,-0.13,-2.26,0.0,0.01,0.0,0.16,510.81,7433.7,5758.86,7235.04,375.65,5346.06,1.07,1.71,1.17,1.27,0.92,0.94,2.34,1.14,1.16,2.23,0.69,3
199,0.06,0.46,0.07,1.27,0.06,0.09,1.16,0.87,0.54,0.09,0.35,0.16,0.1,0.3,2.16,0.18,0.11,0.08,0.07,0.48,0.23,11.79,0.11,4.56,0.44,0.16,2.94,1.71,0.73,0.88,1.56,0.73,0.84,0.3,0.1,1.44,1.12,0.13,0.15,0.74,0.27,0.82,1.11,2714.0,0.11,0.36,20.48,3.98,3.23,1.33,0.04,0.95,0.7,0.06,0.07,0.14,0.33,0.24,4.01,0.19,0.77,0.0,0.0,0.0,0.02,2503.4,14349.3,10393.47,16041.39,1343.43,2047.56,0.9,0.88,1.02,1.03,1.37,4.22,0.97,1.06,0.73,0.56,3.03,3
202,-0.04,0.47,0.25,1.71,-0.09,-0.03,1.12,0.56,0.53,-0.02,-0.09,0.03,-0.05,0.03,2.12,-0.07,-0.05,-0.03,-0.06,0.61,0.02,4.25,0.6,4.73,0.46,-0.06,1.8,1.32,0.56,0.59,2.44,0.65,1.0,0.71,-0.05,-0.12,0.89,0.01,0.02,1.25,0.35,1.29,1.6,13253.0,-0.07,0.24,1.98,9.0,1.63,1.38,-0.07,-0.19,0.24,0.19,0.34,0.4,1.51,0.55,1.15,0.32,-6.16,0.0,0.0,0.0,0.05,911.42,-15892.14,34407.34,-15549.99,481.01,1178.75,0.48,0.58,0.0,0.0,0.0,0.0,0.0,0.0,0.0,0.0,0.0,3
203,0.0,0.0,0.0,0.0,0.0,0.0,0.0,0.0,0.0,0.0,0.0,0.0,0.0,0.0,0.0,0.0,0.0,0.0,0.0,0.0,0.0,0.0,0.0,0.0,0.0,0.0,0.0,0.0,0.0,0.0,0.0,0.0,0.0,0.0,0.0,0.0,0.0,0.0,0.0,0.0,0.0,0.0,0.0,0.0,0.0,0.0,0.0,0.0,0.0,0.0,0.0,0.0,0.0,0.0,0.0,0.0,0.0,0.0,0.0,0.0,0.0,0.0,0.0,0.0,0.0,0.0,0.0,0.0,0.0,0.0,0.0,0.0,0.0,1.11,1.19,1.35,4.92,0.77,0.95,0.98,2.67,13.86,3
206,0.11,0.22,0.42,4.33,0.52,0.12,3.56,0.97,0.78,0.13,0.96,0.18,0.14,0.81,4.56,0.56,0.12,0.12,0.12,0.26,0.77,-26.52,0.93,4.49,0.0,0.16,6.8,3.91,0.0,0.98,3.84,0.87,0.0,1.76,0.13,0.59,2.84,0.18,0.19,2.49,0.13,1.72,1.92,12920.39,0.14,0.12,5.15,7.13,7.68,2.13,0.29,0.88,0.44,0.13,0.13,0.58,1.37,1.01,0.87,0.23,1.03,0.0,0.0,0.0,0.04,1517.16,9803.82,6570.07,9572.3,1183.14,2606.47,1.05,1.0,0.96,0.96,0.21,0.98,1.24,0.92,0.88,1.43,-0.88,3
241,-0.13,0.32,0.41,2.53,-1.26,-0.13,2.08,0.67,0.68,-0.06,-0.49,-0.13,-0.11,-0.27,3.08,-0.23,-0.2,-0.08,-0.2,1.93,-0.27,1.09,1.29,4.4,0.33,-0.11,2.87,2.39,1.07,0.7,9.52,0.73,1.59,1.42,-0.11,-0.81,1.93,-0.03,-0.05,2.1,0.27,2.12,2.29,10273.0,-0.2,0.08,4.15,4.89,2.49,2.11,0.32,-1.01,0.34,0.13,0.19,0.4,2.39,0.48,5.99,0.19,-1.74,0.0,0.0,0.0,0.0,1549.49,-7935.34,-34033.31,-13930.29,1046.59,3289.67,0.94,0.66,0.91,0.72,-0.03,0.04,0.88,0.48,0.57,-27.47,-0.78,3
244,0.14,0.51,0.15,1.42,0.14,0.17,0.98,1.14,0.49,0.18,0.46,0.18,0.18,0.4,1.98,0.34,0.15,0.17,0.12,0.36,0.35,-14.25,0.31,4.15,0.37,0.35,2.76,1.97,1.14,1.17,1.79,0.64,1.0,0.34,0.15,0.56,0.72,0.21,0.18,1.01,0.36,1.01,1.31,2168.0,0.28,0.29,4.5,8.3,3.16,2.33,-0.1,-2.04,-0.5,-0.07,-0.06,-0.14,-0.47,-0.19,-1.0,-0.13,-0.4,0.0,0.0,0.0,0.0,4481.53,13330.34,10638.78,12726.38,2216.58,4548.06,2.02,1.7,1.11,1.29,2.48,5.98,1.25,1.41,0.0,-0.8,-0.3,3
253,-0.31,2.09,-1.61,0.21,-1.44,-0.03,-0.53,0.24,-1.11,-0.15,-0.01,0.07,-0.27,0.01,0.48,-0.07,-0.12,-0.16,-1.28,0.34,-0.12,-1.28,-2.87,4.68,8.68,0.14,0.22,0.22,-0.03,0.3,2.12,-1.06,-0.14,0.0,-0.65,-0.89,0.05,-0.11,-0.46,0.21,2.05,-1.97,-1.89,-76181.0,0.28,-0.04,0.7,2.67,0.12,0.43,-6.96,-1.0,0.15,0.31,1.27,0.15,6.78,0.15,362.03,0.7,-1.96,0.0,0.0,0.0,0.0,-222.06,-8761.63,-2232.72,-1576.43,245.59,437.8,0.54,0.53,1.1,1.19,1.39,8.1,0.98,0.86,1.28,1.99,14.41,3
259,0.05,0.57,0.15,1.34,0.06,0.06,0.74,1.33,0.42,0.08,0.15,0.07,0.06,0.17,1.77,0.14,0.05,0.08,0.04,0.36,0.15,-6.28,0.35,3.98,0.42,0.18,2.93,2.23,1.33,1.34,2.57,0.55,1.0,0.06,0.06,0.23,0.8,0.11,0.08,1.02,0.43,0.99,1.31,1394.0,0.13,0.32,5.78,4.16,3.09,3.15,-0.07,1.16,0.72,0.05,0.03,0.08,0.35,0.11,36.17,0.08,0.61,0.0,0.0,0.0,0.06,666.9,4294.25,2519.78,3622.49,277.91,657.42,1.09,1.09,1.29,1.54,-2.81,-17.85,1.24,1.1,1.67,0.39,1.11,3
262,0.12,0.26,0.48,3.68,0.15,0.17,2.8,0.67,0.74,0.15,0.96,0.28,0.16,0.72,3.8,0.39,0.26,0.1,0.18,0.58,0.53,6.34,1.36,4.25,0.14,0.14,3.46,2.34,0.21,0.72,5.81,0.82,0.31,1.83,0.15,0.77,2.8,0.12,0.18,2.48,0.18,2.11,2.35,8454.0,0.16,0.12,4.26,3.89,3.75,1.9,0.61,7.67,1.13,0.02,0.02,0.06,0.18,0.09,0.22,0.02,0.16,0.0,0.0,0.0,0.0,891.83,3846.05,5513.34,6481.24,657.31,1877.65,1.65,1.35,0.94,0.95,4.03,-3.01,0.93,0.93,0.85,0.41,-0.77,3
281,0.03,0.31,0.21,1.81,0.03,0.04,2.22,0.49,0.69,0.06,0.16,0.15,0.1,0.23,3.22,0.15,0.08,0.05,0.07,0.66,0.21,-3.19,0.4,4.23,0.62,0.07,1.94,1.63,0.49,0.55,5.15,0.74,1.0,0.06,0.1,0.15,0.97,0.08,0.16,1.52,0.26,1.31,1.4,3589.0,0.05,0.07,2.24,2.09,1.89,0.94,-0.02,-0.47,-0.44,-0.07,-0.14,-0.23,-1.44,-0.27,33.82,-0.15,-1.48,0.0,0.0,0.0,0.0,259.98,4302.29,2290.53,3775.63,179.33,339.89,0.65,0.74,0.99,0.97,17.79,50.08,1.05,0.77,0.93,-6.8,2.69,3
291,0.05,0.41,0.4,2.65,0.07,0.06,1.46,1.09,0.59,0.06,0.24,0.07,0.06,0.19,2.46,0.15,0.05,0.06,0.04,0.52,0.17,-9.69,1.08,3.86,0.37,0.11,4.35,2.57,1.09,1.11,1.92,0.76,1.0,0.89,0.06,0.15,1.32,0.08,0.08,1.56,0.24,1.63,2.08,2880.0,0.08,0.28,3.43,10.31,4.53,2.99,0.08,1.24,0.56,0.04,0.03,0.09,0.23,0.16,2.19,0.06,0.6,0.0,0.0,0.0,0.0,662.84,6957.38,4694.47,6269.55,393.62,1079.53,1.17,1.15,1.09,1.16,0.76,83.84,1.05,1.04,1.14,0.2,-0.32,3
292,0.04,0.39,0.43,2.52,0.05,0.05,1.43,1.28,0.56,0.06,0.19,0.06,0.04,0.19,2.54,0.13,0.04,0.05,0.03,0.51,0.16,-56.87,1.52,3.79,0.31,0.09,4.38,3.16,1.28,1.3,5.87,0.67,1.0,1.63,0.04,0.6,2.26,0.07,0.06,1.82,0.28,1.99,2.37,2639.0,0.08,0.19,17.38,7.13,4.49,4.5,0.29,0.84,0.38,0.05,0.04,0.13,0.48,0.19,-0.68,0.07,1.0,0.0,0.0,0.0,0.1,1339.88,13881.11,10378.94,14340.73,755.02,2662.19,0.97,0.89,0.86,0.85,0.6,0.93,0.81,0.74,0.64,1.48,-6.22,3
309,0.03,0.67,0.12,1.19,0.03,0.05,0.49,1.42,0.33,0.05,0.07,0.03,0.03,0.07,1.49,0.06,0.03,0.04,0.02,0.3,0.05,-70.31,0.48,3.58,0.47,0.13,2.32,2.19,1.42,1.52,15.33,0.37,1.0,0.67,0.03,0.18,0.92,0.13,0.09,1.12,0.63,1.33,1.48,449.0,0.09,0.12,8.22,8.96,2.24,5.77,-0.04,1.08,0.0,0.03,0.02,0.04,0.74,0.04,0.15,0.04,0.68,0.0,0.01,0.0,0.0,6319.34,44498.97,15872.2,50029.62,2069.46,8405.95,0.94,0.99,0.0,0.0,0.0,0.0,0.0,0.0,0.0,0.0,0.0,3
310,0.0,0.0,0.0,0.0,0.0,0.0,0.0,0.0,0.0,0.0,0.0,0.0,0.0,0.0,0.0,0.0,0.0,0.0,0.0,0.0,0.0,0.0,0.0,0.0,0.0,0.0,0.0,0.0,0.0,0.0,0.0,0.0,0.0,0.0,0.0,0.0,0.0,0.0,0.0,0.0,0.0,0.0,0.0,0.0,0.0,0.0,0.0,0.0,0.0,0.0,0.0,0.0,0.0,0.0,0.0,0.0,0.0,0.0,0.0,0.0,0.0,0.0,0.0,0.0,0.0,0.0,0.0,0.0,0.0,0.0,0.0,0.0,0.0,1.03,1.03,0.97,150.92,0.64,2.41,0.92,0.97,14.56,3
312,0.02,0.54,0.24,1.58,0.02,0.01,0.84,2.22,0.45,0.02,0.03,0.02,0.01,0.08,1.84,0.04,0.01,0.02,0.01,0.44,0.09,-2.23,0.72,3.36,0.23,0.05,5.49,4.25,2.22,2.33,2.69,0.58,1.0,0.09,0.01,0.05,0.79,0.05,0.02,1.22,0.42,1.35,1.71,557.0,0.04,0.27,6.69,7.56,5.28,6.58,-0.04,0.4,0.78,0.04,0.02,0.08,0.35,0.1,1.54,0.07,2.08,0.0,0.0,0.0,0.0,3163.65,125152.86,26422.27,69110.36,1439.16,4267.16,1.11,1.16,2.56,8.53,-8.55,-26.73,1.25,9.72,0.78,2.18,74.96,3
322,0.09,0.39,0.25,2.04,0.09,0.11,1.58,1.2,0.61,0.12,0.45,0.09,0.11,0.29,2.58,0.32,0.09,0.12,0.07,0.52,0.24,-8.55,0.48,3.58,0.32,0.2,4.56,2.8,1.2,1.2,3.18,0.76,1.0,0.62,0.1,13.49,2.01,0.13,0.1,1.25,0.24,1.19,1.48,938.0,0.14,0.24,183.76,3.66,5.08,2.33,0.22,-1.51,-0.07,-0.06,-0.05,-0.15,-0.39,-0.25,46.38,-0.12,-0.48,0.0,0.0,0.0,0.0,1702.54,9684.35,8262.24,8551.8,1043.65,2018.45,9.77,10.18,0.96,0.85,0.61,1.5,0.99,0.35,0.69,0.02,-15.27,3
332,0.0,0.37,0.18,2.02,0.0,0.0,1.72,0.21,0.63,0.03,0.0,0.08,0.08,0.04,2.73,0.04,0.0,0.01,0.01,0.63,0.05,-0.51,0.28,4.27,1.57,0.02,1.14,0.55,0.0,0.21,1.52,0.82,0.0,1.09,0.07,0.04,1.65,0.03,0.14,0.97,0.18,0.98,1.27,3349.88,0.0,0.3,3.16,2.12,1.19,0.32,0.57,-0.55,-3.33,0.0,-0.02,-0.01,-0.02,-0.03,-0.16,-0.01,-0.33,0.0,0.0,0.0,0.0,240.68,278413.79,5158.26,10819.74,151.79,235.69,0.96,0.97,1.06,4.36,0.48,2.48,1.17,15.77,1.5,1.37,-0.17,3
335,-0.12,0.95,-0.55,0.33,-0.64,-0.11,0.05,0.34,0.05,-0.09,-0.13,0.0,-0.21,0.0,1.05,-0.1,-0.31,-0.09,-0.34,0.69,-0.01,6.62,-0.75,4.02,2.76,-1.89,0.57,0.49,0.0,0.37,1.61,0.19,0.0,0.0,-0.27,-2.35,0.27,0.02,0.04,0.28,0.81,0.07,0.25,-5674.85,-2.33,2.73,6.99,1.59,0.42,0.47,-1.6,-0.55,0.52,0.21,0.61,0.22,1.54,0.26,904.67,0.78,-2.23,0.0,0.0,0.0,0.0,383.91,-176.74,1240.83,-203.44,19.07,26.06,2.15,1.15,0.99,1.02,1.31,3.89,0.75,0.98,1.05,1.01,1.35,3
337,-0.08,2.17,-1.66,0.19,-2.12,-0.08,-0.54,0.31,-1.17,-0.04,-0.04,-0.19,-0.14,-0.03,0.46,-0.02,-0.28,-0.04,-0.27,0.96,-0.03,0.96,-2.77,4.02,6.55,0.04,0.18,0.17,0.0,0.32,3.65,-1.06,0.0,0.07,-0.14,-4.03,0.18,-0.02,-0.06,0.18,2.06,-1.94,-1.77,-17427.36,0.07,-0.09,14.85,1.33,0.15,0.51,-4.43,-0.78,0.24,0.11,0.35,0.05,1.03,0.05,6.24,0.27,-2.43,0.0,0.0,0.0,0.0,-80.44,-1105.12,-5190.05,-2127.94,93.81,156.05,0.98,1.0,0.91,0.63,-13.82,-46.81,0.75,0.44,1.62,9.39,0.94,3
347,-0.02,3.57,-2.96,0.17,-47.95,-0.02,-0.72,2.2,-2.57,0.18,0.0,0.07,0.09,0.04,0.28,0.05,-0.01,0.18,-0.01,45.38,0.04,-0.92,-7.38,3.09,1.59,-0.07,0.62,0.62,0.0,2.38,30.61,-2.56,0.0,0.02,0.08,-0.08,0.11,0.34,0.15,0.17,3.56,-6.41,-6.38,-3601.0,0.01,-0.01,11.54,6.65,0.62,5.49,-1.41,0.44,-4.75,-0.03,-0.02,-0.01,-2.59,-0.01,-1.31,-0.06,-0.2,0.0,0.0,0.0,0.0,-4228.2,-716296.7,31990.52,61906.32,10868.58,27097.33,2.32,1.15,2.97,3.55,-40.77,19.33,4.43,2.66,1.13,15.2,65.0,3
350,-0.14,0.15,0.13,2.6,-0.41,-0.14,5.7,0.52,0.85,-0.14,-1.71,-0.26,-0.22,-0.9,6.73,-0.98,-0.27,-0.15,-0.27,1.26,-0.9,56.94,0.17,3.74,0.25,-0.17,8.12,4.51,0.52,0.52,2.24,0.91,1.0,0.61,-0.28,-2.12,1.79,-0.14,-0.27,1.44,0.08,1.08,1.16,721.0,-0.17,0.08,7.83,5.31,6.29,0.66,0.1,-0.79,0.04,0.18,0.34,1.2,2.7,2.17,14.34,0.83,-1.23,0.0,0.0,0.0,0.0,1000.88,-6017.49,-5958.24,-5842.15,848.28,1079.54,2.26,2.94,1.17,1.17,-8.45,-8.94,0.94,1.47,1.37,-3.69,0.18,3
351,-0.08,0.84,-0.36,0.5,-0.21,-0.09,0.19,0.45,0.16,-0.08,-0.12,-0.1,-0.13,-0.05,1.19,-0.09,-0.19,-0.08,-0.17,0.37,-0.04,8.07,-0.55,3.75,1.85,-0.47,0.81,0.69,0.45,0.5,2.02,0.29,1.0,0.16,-0.17,-0.75,0.36,-0.03,-0.07,0.42,0.71,0.25,0.45,-2023.0,-0.47,0.77,4.44,3.18,0.63,0.7,-0.84,-1.33,0.75,0.06,0.13,0.07,0.46,0.08,6.47,0.16,-0.76,0.0,0.0,0.0,0.0,2564.36,-4819.15,-12795.49,-5477.01,416.81,646.77,0.54,0.69,0.0,0.0,0.0,0.0,0.0,0.0,0.0,0.0,0.0,3
352,0.0,0.0,0.0,0.0,0.0,0.0,0.0,0.0,0.0,0.0,0.0,0.0,0.0,0.0,0.0,0.0,0.0,0.0,0.0,0.0,0.0,0.0,0.0,0.0,0.0,0.0,0.0,0.0,0.0,0.0,0.0,0.0,0.0,0.0,0.0,0.0,0.0,0.0,0.0,0.0,0.0,0.0,0.0,0.0,0.0,0.0,0.0,0.0,0.0,0.0,0.0,0.0,0.0,0.0,0.0,0.0,0.0,0.0,0.0,0.0,0.0,0.0,0.0,0.0,0.0,0.0,0.0,0.0,0.0,0.0,0.0,0.0,0.0,0.94,1.01,0.58,1.24,1.05,0.79,1.73,-1.77,1.15,3
362,0.02,1.37,-0.43,0.56,-0.7,0.02,-0.27,0.23,-0.37,0.09,0.02,0.14,1.03,0.02,0.73,0.06,0.07,0.09,0.07,0.33,0.02,-1.22,-0.98,3.95,5.78,-0.23,0.15,0.11,0.0,0.24,1.45,0.01,0.0,0.19,0.37,1.15,0.55,0.1,0.44,0.41,0.99,-0.83,0.02,-3844.87,-0.04,-1.03,17.21,0.65,0.24,0.53,-2.17,0.61,0.68,0.03,0.11,0.02,0.07,0.03,3.51,0.05,0.3,0.0,0.0,0.0,0.0,-159.66,3752.79,568.11,682.13,58.34,131.75,0.78,0.53,1.07,1.0,0.76,8.01,1.03,1.42,0.92,0.12,0.92,3
365,0.03,0.47,-0.18,0.52,0.04,0.03,1.11,0.36,0.53,0.04,0.08,0.09,0.1,0.07,2.11,0.08,0.09,0.04,0.08,0.48,0.06,-5.85,-0.23,3.66,1.3,0.07,1.03,0.84,0.36,0.44,1.31,0.61,1.0,0.14,0.1,0.35,0.3,0.1,0.28,0.43,0.39,0.66,0.77,-843.0,0.06,0.17,4.2,5.83,0.94,0.46,-0.67,2.7,0.0,0.01,0.03,0.02,0.13,0.03,0.54,0.05,0.3,0.0,0.0,0.0,0.0,799.9,13580.67,4182.02,11259.85,420.49,527.04,1.06,1.26,0.0,0.0,0.0,0.0,0.0,0.0,0.0,0.0,0.0,3
369,0.0,0.0,0.0,0.0,0.0,0.0,0.0,0.0,0.0,0.0,0.0,0.0,0.0,0.0,0.0,0.0,0.0,0.0,0.0,0.0,0.0,0.0,0.0,0.0,0.0,0.0,0.0,0.0,0.0,0.0,0.0,0.0,0.0,0.0,0.0,0.0,0.0,0.0,0.0,0.0,0.0,0.0,0.0,0.0,0.0,0.0,0.0,0.0,0.0,0.0,0.0,0.0,0.0,0.0,0.0,0.0,0.0,0.0,0.0,0.0,0.0,0.0,0.0,0.0,0.0,0.0,0.0,0.0,0.0,0.0,0.0,0.0,0.0,0.9,0.71,1.22,5.43,0.75,0.48,3.28,1.28,-13.68,3
386,-0.12,0.71,0.34,1.6,-0.77,-0.08,0.4,1.72,0.29,-0.06,-0.15,-0.03,-0.04,-0.06,1.4,-0.1,-0.05,-0.07,-0.07,1.06,-0.12,2.89,4.17,2.6,0.41,-0.24,3.26,2.62,0.0,1.8,3.02,0.43,0.0,0.06,-0.04,-0.24,0.74,-0.03,-0.02,1.29,0.57,3.48,5.17,137.74,-0.42,0.49,3.48,4.46,3.01,20.84,-0.08,1.87,-0.6,-0.06,-0.04,-0.09,-0.46,-0.11,-4.98,-0.07,0.95,0.0,0.0,0.0,0.0,5940.98,-20532.49,-57643.58,-25027.5,1706.8,20650.53,0.77,0.9,0.0,0.0,0.0,0.03,0.0,0.0,0.0,0.0,0.0,3
390,-0.55,0.31,0.65,7.72,-0.54,-0.55,2.24,0.15,0.69,-0.55,-5.73,-3.56,-0.78,-1.7,3.24,-1.77,-3.74,-0.55,-3.74,1.23,-1.7,120.1,2.49,3.6,-2.64,-0.79,7.36,2.29,0.33,0.16,3.45,0.9,2.23,7.29,-3.72,-91.71,7.65,-0.52,-3.54,2.4,0.1,2.67,3.49,2579.0,-0.8,0.31,24.54,4.18,1.53,0.57,0.93,-3.05,0.14,0.18,1.23,0.58,0.85,1.88,0.45,0.24,-0.33,0.0,0.0,-0.02,0.0,13522.54,-16978.12,-17922.46,-17077.59,9346.19,36104.66,1.1,0.42,1.16,1.0,0.02,-0.06,1.35,0.48,3.4,-0.6,0.54,3
392,0.03,0.49,-0.04,0.83,0.14,0.04,1.05,0.69,0.51,0.04,0.16,0.12,0.02,0.17,2.05,0.03,0.06,0.02,0.05,0.37,0.15,2.76,-0.06,2.96,0.68,0.03,2.58,1.39,0.09,0.7,0.51,0.74,0.14,0.2,0.02,0.33,0.44,0.06,0.08,0.45,0.26,0.66,0.94,-40.0,0.07,0.44,6.56,11.13,2.61,0.88,-0.24,6.97,7.65,0.01,0.01,0.01,0.02,0.02,-0.05,0.02,0.3,0.0,0.0,0.0,0.0,885593.79,10596076.1,8220435.84,27094383.13,453166.25,580539.25,0.0,0.0,0.7,0.3,0.85,3.26,0.69,0.94,1.22,0.57,0.93,3
393,-0.01,0.2,0.37,3.11,0.02,0.0,3.92,0.34,0.8,0.0,0.02,0.1,0.01,0.16,4.92,0.01,0.01,0.0,-0.01,0.78,0.12,-1.78,0.79,3.24,0.48,0.0,2.06,1.75,0.34,0.36,4.73,0.83,1.0,0.23,0.01,-0.01,0.81,0.03,0.1,2.65,0.17,1.73,1.79,639.0,-0.01,0.04,0.86,3.42,1.97,0.74,-0.1,-0.15,0.9,0.03,0.1,0.17,1.14,0.2,3.94,0.06,11.53,0.0,0.0,0.0,0.0,232.26,59856.89,5572.88,63007.25,185.05,401.52,0.34,0.4,0.36,0.25,1.4,118.18,0.33,0.24,0.69,0.13,-0.4,3
407,0.0,0.0,0.0,0.0,0.0,0.0,0.0,0.0,0.0,0.0,0.0,0.0,0.0,0.0,0.0,0.0,0.0,0.0,0.0,0.0,0.0,0.0,0.0,0.0,0.0,0.0,0.0,0.0,0.0,0.0,0.0,0.0,0.0,0.0,0.0,0.0,0.0,0.0,0.0,0.0,0.0,0.0,0.0,0.0,0.0,0.0,0.0,0.0,0.0,0.0,0.0,0.0,0.0,0.0,0.0,0.0,0.0,0.0,0.0,0.0,0.0,0.0,0.0,0.0,0.0,0.0,0.0,0.0,0.0,0.0,0.0,0.0,0.0,1.69,2.16,1.28,3.71,0.04,2.77,0.25,-5.47,4.02,3
425,-0.09,0.54,0.13,1.54,-0.1,-0.09,0.83,0.1,0.45,-0.08,-0.38,2.44,-0.49,0.43,1.84,-0.16,-0.99,-0.08,-0.99,0.55,0.43,8.86,0.21,2.83,3.35,-0.19,0.75,0.34,0.09,0.1,0.9,0.75,0.99,1.04,-0.89,-0.85,1.09,0.24,2.55,0.69,0.25,0.73,1.21,89.0,-0.21,0.66,0.86,8.0,0.39,0.15,-0.17,-0.97,3.38,0.1,1.02,0.18,0.32,0.39,-14.07,0.26,-1.14,0.0,0.0,0.0,0.0,65062.89,-314328.22,121855.21,-349259.72,29573.87,47631.65,0.28,0.55,0.0,0.0,0.0,0.0,0.0,0.0,0.0,0.0,0.0,3
449,0.0,0.0,0.0,0.0,0.0,0.0,0.0,0.0,0.0,0.0,0.0,0.0,0.0,0.0,0.0,0.0,0.0,0.0,0.0,0.0,0.0,0.0,0.0,0.0,0.0,0.0,0.0,0.0,0.0,0.0,0.0,0.0,0.0,0.0,0.0,0.0,0.0,0.0,0.0,0.0,0.0,0.0,0.0,0.0,0.0,0.0,0.0,0.0,0.0,0.0,0.0,0.0,0.0,0.0,0.0,0.0,0.0,0.0,0.0,0.0,0.0,0.0,0.0,0.0,0.0,0.0,0.0,0.0,0.0,0.0,0.0,0.0,0.0,1.19,0.76,0.81,0.39,0.81,1.02,1.26,0.91,-2.49,3
1,0.04,0.49,0.02,1.06,0.46,0.08,1.06,0.99,0.52,0.06,0.3,0.14,0.05,0.27,2.04,0.11,0.08,0.05,0.04,0.06,0.18,2.42,0.02,7.35,0.48,0.1,3.85,2.13,0.0,1.1,0.65,0.74,0.0,0.08,0.05,0.27,0.53,0.1,0.11,0.59,0.27,0.73,1.04,380481.05,0.07,0.42,6.76,8.26,3.64,1.39,-0.13,0.7,0.93,0.06,0.06,0.11,0.25,0.2,-0.98,0.19,1.06,0.0,0.05,0.03,0.02,574.95,3644.67,2874.43,5715.47,298.4,419.08,0.76,0.84,0.93,0.85,-0.7,-2.24,0.73,0.7,0.99,2.4,-0.92,4
4,0.01,0.88,-0.24,0.6,0.07,0.05,0.14,3.04,0.12,0.03,0.09,0.04,0.01,0.14,1.14,0.03,0.02,0.03,0.0,0.05,0.08,1.44,-0.38,6.33,0.28,0.24,4.95,3.46,0.0,3.06,0.76,0.39,0.0,0.03,0.01,0.05,0.33,0.1,0.03,0.42,0.61,0.2,0.62,-518210.95,0.07,2.13,17.98,16.79,4.97,4.82,-0.14,0.12,0.96,0.07,0.02,0.08,0.26,0.11,-19.7,0.19,2.3,0.0,0.05,0.0,0.0,1987.1,4535.88,2570.68,8252.52,247.06,391.68,1.01,1.01,1.29,1.35,1.47,5.96,1.42,1.12,0.66,0.43,0.67,4
11,0.11,0.63,0.05,1.24,0.03,0.15,0.65,1.75,0.41,0.15,0.7,0.11,0.09,0.3,1.6,0.23,0.09,0.15,0.06,0.37,0.23,16.08,0.07,6.17,0.31,0.36,7.33,2.57,0.0,1.75,0.28,0.81,0.0,0.45,0.08,0.71,0.52,0.18,0.1,0.43,0.22,0.56,1.12,78076.31,0.27,1.0,11.16,112.45,7.98,2.41,-0.07,3.8,1.17,0.03,0.02,0.05,0.07,0.13,1.98,0.11,0.2,0.0,0.03,0.13,0.0,12750.31,33555.4,28929.8,35771.43,5187.92,7128.94,1.3,1.29,1.07,1.02,1.33,4.88,1.15,0.97,0.98,2.38,-1.2,4
14,0.07,0.49,0.47,2.72,0.15,0.12,1.05,1.89,0.51,0.11,0.45,0.07,0.06,0.25,2.05,0.21,0.07,0.1,0.04,0.36,0.14,6.61,1.81,6.1,0.23,0.2,6.59,3.67,0.57,1.9,1.23,0.73,0.3,0.24,0.06,0.14,0.98,0.11,0.06,1.52,0.27,1.97,2.81,583184.0,0.13,0.42,3.97,9.4,6.94,7.28,0.0,3.76,0.04,0.02,0.01,0.04,0.08,0.07,0.98,0.02,0.17,0.01,0.17,0.39,0.0,1421.54,5909.34,6916.99,6964.68,727.81,2805.16,1.03,1.01,1.07,1.09,1.5,5.02,1.09,0.93,0.95,0.66,3.11,4
16,-0.02,0.7,0.05,1.13,-0.02,-0.01,0.42,0.73,0.3,0.02,-0.03,0.12,0.02,0.13,1.42,0.02,-0.01,0.01,-0.02,0.31,0.12,-0.45,0.1,6.44,0.8,0.05,1.81,1.03,1.08,0.74,0.85,0.6,1.48,0.57,0.02,-0.09,0.64,0.11,0.16,0.65,0.4,0.55,1.1,150027.0,-0.06,1.01,3.64,28.98,1.81,1.34,-0.22,-0.13,0.71,0.14,0.19,0.2,0.47,0.35,-21.06,0.31,9.92,-0.03,1.09,-54.16,0.0,4642.57,-126980.33,12067.02,96684.09,1375.84,2534.47,0.84,0.92,1.12,1.32,0.17,-0.91,1.12,1.79,1.36,1.33,-0.26,4
107,0.11,0.52,0.26,1.81,0.05,0.13,0.92,2.38,0.48,0.14,0.4,0.08,0.06,0.39,1.91,0.26,0.05,0.14,0.05,0.43,0.35,-16.55,0.64,4.66,0.12,0.28,6.98,4.31,0.0,2.39,2.31,0.68,0.0,0.73,0.06,0.88,1.43,0.21,0.09,1.12,0.32,1.16,1.64,12117.39,0.23,0.41,19.12,10.59,7.37,5.75,0.06,-4.29,-2.83,-0.03,-0.01,-0.05,-0.13,-0.08,1.3,-0.04,-0.19,0.0,0.03,0.01,0.0,1284.75,4761.48,2956.04,4513.23,617.46,1491.45,0.97,0.96,0.97,0.99,1.15,5.1,1.14,0.97,0.71,-0.11,-0.11,4
151,0.05,0.41,0.18,1.7,-0.06,0.07,1.44,0.74,0.59,0.06,0.29,0.22,0.09,0.4,2.44,0.16,0.1,0.06,0.06,0.65,0.33,8.4,0.31,4.87,0.53,0.11,2.75,1.69,0.0,0.76,0.85,0.75,0.0,0.1,0.09,0.16,0.53,0.15,0.21,1.05,0.25,1.03,1.31,12960.57,0.08,0.27,2.5,6.82,2.92,1.29,-0.2,0.46,0.9,0.1,0.14,0.24,0.63,0.39,10.19,0.23,1.55,0.0,0.0,0.0,0.0,1043.6,8521.55,4001.28,9592.39,616.51,1078.42,0.73,0.78,1.08,1.14,0.5,3.92,1.23,0.9,1.43,1.65,-0.59,4
159,0.08,0.75,0.04,1.09,0.08,0.1,0.34,2.91,0.25,0.11,0.19,0.04,0.04,0.15,1.34,0.14,0.03,0.11,0.03,0.17,0.13,-10.76,0.09,4.26,0.26,0.41,5.57,3.76,2.91,2.91,1.3,0.5,1.0,0.01,0.04,0.34,0.62,0.12,0.04,0.73,0.5,0.56,1.09,773.0,0.31,0.95,12.5,9.38,5.78,6.4,-0.07,-3.32,-0.76,-0.02,-0.01,-0.03,-0.1,-0.05,5.88,-0.04,-0.23,0.0,0.02,0.0,0.01,5688.05,15218.1,11781.49,13805.29,1449.74,3193.73,1.31,1.29,1.32,1.3,2.43,15.33,1.56,1.17,1.15,-0.57,-8.48,4
162,0.21,0.59,0.19,1.35,0.15,0.27,0.69,3.5,0.41,0.28,0.49,0.09,0.09,0.52,1.69,0.46,0.08,0.27,0.06,0.26,0.43,-32.23,0.73,4.16,0.16,0.67,5.97,5.48,3.5,3.51,3.25,0.46,1.0,0.05,0.08,0.37,0.29,0.31,0.09,1.24,0.54,1.54,1.73,2787.0,0.52,0.12,6.05,27.08,6.45,13.18,-0.12,-3.48,-0.66,-0.06,-0.02,-0.1,-1.26,-0.11,-2.53,-0.08,-0.22,0.0,0.0,0.0,0.01,5053.21,7741.23,6713.8,7537.73,2068.41,7797.52,1.36,1.29,1.37,1.54,3.72,26.15,1.66,1.14,1.3,-1.13,4.24,4
177,0.09,0.63,0.25,1.47,0.02,0.12,0.59,4.78,0.37,0.13,0.22,0.03,0.03,0.24,1.59,0.2,0.02,0.13,0.02,0.35,0.19,-10.97,1.23,3.97,0.08,0.35,8.69,7.45,4.78,4.82,7.13,0.46,1.0,0.5,0.03,0.58,1.18,0.16,0.03,1.26,0.54,1.79,2.23,2353.0,0.24,0.24,31.02,12.92,8.85,23.15,0.02,0.72,0.26,0.12,0.03,0.2,1.38,0.23,0.61,0.16,0.96,0.0,0.0,0.0,0.0,1940.77,6129.32,4449.48,5571.0,718.39,3477.97,1.06,1.04,1.17,1.23,4.99,32.9,0.66,1.06,0.98,-5.08,-3.31,4
261,0.02,0.34,0.31,2.29,0.02,0.02,1.93,0.56,0.66,0.04,0.1,0.14,0.06,0.22,2.93,0.1,0.04,0.03,0.03,0.64,0.2,-2.62,0.68,4.35,0.55,0.05,2.27,1.59,0.56,0.57,3.73,0.76,1.0,0.76,0.06,0.1,1.61,0.09,0.15,1.6,0.24,1.45,1.68,6827.0,0.02,0.16,3.42,2.78,2.35,1.24,0.29,0.15,0.49,0.11,0.19,0.31,1.04,0.45,6.83,0.2,3.18,0.0,0.01,0.0,0.02,387.03,10498.85,2978.14,7586.22,255.14,562.7,1.02,1.05,0.99,1.0,0.84,3.6,1.13,0.84,0.83,2.09,9.49,4
283,-0.27,0.35,-0.16,0.33,-1.47,-0.13,1.83,0.8,0.64,-0.17,-0.57,-0.14,-0.17,-0.33,2.85,-0.49,-0.16,-0.17,-0.33,2.12,-0.71,-4.15,-0.17,4.03,0.43,-0.27,4.25,2.81,0.8,0.82,0.23,0.76,1.0,0.02,-0.22,-5.36,0.12,-0.19,-0.24,0.22,0.23,0.7,0.83,-1676.0,-0.41,0.19,16.13,35.94,3.46,0.87,-0.22,-4.48,0.28,0.06,0.07,0.17,0.5,0.26,-7.52,0.77,-0.34,0.0,0.0,0.0,0.0,145.56,-713.22,-493.97,-541.31,93.73,101.55,0.51,0.49,0.88,0.54,0.44,2.03,0.55,0.6,0.2,0.13,0.08,4
334,0.1,0.48,0.37,1.82,0.1,0.12,1.17,1.28,0.56,0.14,0.28,0.11,0.11,0.29,2.09,0.27,0.1,0.13,0.08,0.47,0.24,-10.74,1.98,3.46,0.29,0.23,2.71,2.53,1.28,1.34,12.32,0.59,1.0,0.25,0.1,0.23,0.88,0.15,0.12,1.7,0.45,3.03,3.2,1066.0,0.18,0.06,3.04,4.52,2.86,6.89,-0.04,1.97,0.34,0.05,0.04,0.1,1.56,0.11,0.52,0.06,0.38,0.0,0.0,0.0,0.08,1097.0,5004.61,4190.87,4736.38,616.99,3326.21,0.94,0.93,1.13,1.18,1.59,366.33,1.03,1.04,1.38,-1.24,14.49,4
343,0.06,0.93,0.13,2.22,-0.57,0.06,0.08,0.48,0.07,0.08,0.56,0.3,0.17,0.16,1.08,0.08,0.12,0.08,0.12,0.65,0.16,-4.12,0.17,3.75,1.64,1.09,4.39,0.5,0.82,0.54,0.23,0.89,1.7,1.48,0.16,1.38,1.82,0.17,0.34,0.25,0.11,0.09,1.17,735.0,0.82,11.5,11.28,13.31,4.56,0.63,0.22,1.19,1.76,0.05,0.1,0.05,0.06,0.47,0.64,0.21,0.63,0.0,0.0,0.0,0.0,13340.77,16087.42,5771.23,12217.14,952.4,1245.04,0.91,0.97,1.04,1.62,0.74,1.61,1.19,1.36,1.03,0.89,4.49,4
344,-0.01,0.55,0.37,4.97,-0.49,0.0,0.83,0.02,0.45,-0.02,-0.03,-0.14,-0.62,-0.01,1.83,-0.17,-0.14,-0.09,-0.39,0.94,-0.01,-5.69,0.67,4.88,24.29,-0.21,1.47,0.25,0.0,0.04,0.25,0.91,-0.13,0.58,-4.6,-0.02,1.23,-0.09,-4.6,0.84,0.09,0.84,1.67,27866.0,-0.02,1.0,0.06,0.34,0.22,0.04,0.49,-0.3,0.0,0.03,1.31,0.05,0.06,0.29,0.66,0.06,-0.29,0.0,0.0,0.0,0.0,346.06,-54853.64,-1658.03,-1657.52,157.29,289.76,1.24,0.81,0.99,1.48,0.78,0.39,1.33,1.41,0.32,0.17,34.59,4
348,0.01,0.91,-0.13,0.83,-0.18,0.01,0.1,0.36,0.09,0.02,0.01,0.04,-0.03,0.02,1.1,-0.02,0.02,-0.02,0.02,0.27,0.02,1.63,-0.38,3.7,2.36,-0.18,0.75,0.64,0.0,0.57,3.19,0.22,0.0,0.09,-0.05,0.03,0.52,-0.01,-0.02,0.71,0.78,0.25,0.62,-671.01,0.07,1.44,1.48,1.08,0.46,1.04,-0.68,0.11,0.13,0.06,0.16,0.06,0.46,0.07,1.14,0.09,-3.58,0.0,0.0,0.0,0.0,2425.35,33398.25,-25218.93,-13167.78,215.04,616.54,0.86,1.33,1.27,1.34,-2.85,-4.68,47.61,0.81,7.38,2.18,-5.5,4
374,-0.02,0.13,0.87,7.71,-0.06,-0.02,6.7,0.1,0.87,-0.02,-0.19,-0.24,-0.16,-0.19,7.7,-0.15,-0.24,-0.02,-0.24,0.93,-0.19,3.23,157.69,4.05,1.27,-0.02,0.95,0.94,0.1,0.1,14.78,0.87,1.0,0.05,-0.19,-0.03,0.09,-0.02,-0.18,7.66,0.13,158.54,158.68,9777.0,-0.03,0.0,0.1,20.33,0.79,18.69,-0.92,0.03,0.0,-0.83,-8.06,-6.37,-1038.41,-6.41,-180.45,-0.83,43.49,0.0,0.0,0.0,0.0,203.0,-7123.3,-9547.26,-9286.44,176.64,32183.52,37.39,12.38,4.86,5.63,2.78,6.42,5.64,19.0,17.57,5.3,-1.21,4
381,0.07,0.21,0.15,1.9,-0.19,0.08,3.84,0.14,0.79,0.08,0.47,0.74,0.9,0.52,4.83,0.38,0.54,0.08,0.47,0.99,0.47,-2337.28,0.22,3.73,1.33,0.1,0.52,0.42,0.14,0.17,6.78,0.84,1.0,0.1,0.54,1.86,1.68,0.11,0.74,1.52,0.17,1.16,1.22,804.0,0.09,0.05,3.92,0.55,0.87,0.21,1.93,-1.78,-0.74,-0.04,-0.27,-0.19,-0.94,-0.23,-73.53,-0.12,-0.49,0.0,0.0,0.0,0.0,420.99,4280.21,3130.43,4278.48,334.5,488.6,0.8,0.46,0.3,0.67,1.63,10.01,0.41,1.82,1.54,-1.55,0.1,4
394,-0.28,0.45,0.37,2.16,-0.29,-0.31,1.23,1.05,0.55,-0.28,-0.98,-0.24,-0.2,-0.56,2.23,-0.63,-0.3,-0.28,-0.27,0.84,-0.49,9.06,1.19,2.6,0.1,-0.51,4.42,3.14,1.05,1.13,4.08,0.68,1.0,1.22,-0.27,-1.73,1.66,-0.22,-0.21,1.54,0.32,1.77,2.19,149.0,-0.51,0.23,6.51,7.55,3.3,3.38,0.15,-0.56,0.12,0.5,0.47,1.11,3.83,1.56,2.01,0.72,-1.76,0.0,0.0,0.0,0.0,15391.63,-27077.58,-38276.74,-30062.04,8491.1,27253.04,0.79,0.98,1.19,1.98,0.68,3.49,0.66,2.9,1.95,-14.78,-0.04,4
7,0.0,0.0,0.0,0.0,0.0,0.0,0.0,0.0,0.0,0.0,0.0,0.0,0.0,0.0,0.0,0.0,0.0,0.0,0.0,0.0,0.0,0.0,0.0,0.0,0.0,0.0,0.0,0.0,0.0,0.0,0.0,0.0,0.0,0.0,0.0,0.0,0.0,0.0,0.0,0.0,0.0,0.0,0.0,0.0,0.0,0.0,0.0,0.0,0.0,0.0,0.0,0.0,0.0,0.0,0.0,0.0,0.0,0.0,0.0,0.0,0.0,0.0,0.0,0.0,0.0,0.0,0.0,0.0,0.0,0.0,0.0,0.0,0.0,1.06,1.21,-0.33,0.13,0.7,1.0,1.28,0.84,88.11,5
372,0.02,0.39,0.37,2.31,0.02,0.02,1.59,0.14,0.61,0.03,0.07,0.13,0.2,0.05,2.59,0.06,0.13,0.02,0.13,0.6,0.05,-3.1,1.07,3.96,2.4,0.04,0.43,0.32,0.0,0.15,2.95,0.72,0.0,0.21,0.16,0.05,1.08,0.02,0.16,1.69,0.28,1.77,2.07,3374.08,0.03,0.17,0.41,0.58,0.51,0.41,0.17,-0.27,0.0,-0.07,-0.47,-0.18,-0.66,-0.24,-2.34,-0.1,-2.92,0.0,0.0,0.0,0.0,4441.89,143877.42,116704.71,117689.37,2729.45,7876.12,2.24,2.56,0.0,0.0,0.0,0.0,0.0,0.0,0.0,0.0,0.0,5
34,0.04,0.74,0.15,1.22,0.07,0.05,0.36,1.79,0.27,0.06,0.08,0.04,0.03,0.09,1.35,0.08,0.03,0.06,0.02,0.19,0.08,-5.25,0.84,5.5,0.25,0.21,2.57,2.35,0.0,1.8,12.74,0.33,0.0,0.44,0.03,1.89,1.19,0.08,0.04,1.11,0.68,1.53,1.89,46952.16,0.15,0.24,83.52,3.57,2.64,10.25,0.07,0.2,0.09,0.2,0.11,0.27,3.19,0.3,1.73,0.24,3.54,0.0,0.05,0.01,0.0,1089.54,5626.38,3864.0,5119.26,290.52,1662.1,0.95,0.94,1.13,1.14,1.98,10.55,1.0,1.01,1.08,1.95,1.87,6
51,0.04,0.76,0.12,1.18,0.04,0.05,0.31,1.29,0.24,0.06,0.08,0.06,0.05,0.1,1.32,0.08,0.04,0.06,0.03,0.2,0.09,-9.96,0.55,5.44,0.29,0.25,1.86,1.62,0.0,1.29,7.36,0.34,0.0,0.66,0.05,0.82,1.1,0.08,0.06,1.03,0.66,1.09,1.55,33396.66,0.19,0.41,23.44,4.46,1.95,5.88,0.05,0.17,0.08,0.26,0.2,0.34,2.62,0.39,1.37,0.33,4.41,0.0,0.02,0.0,0.07,1209.84,5316.59,3625.69,4924.88,289.5,1323.98,0.85,0.84,0.82,0.77,1.46,7.64,1.29,0.49,0.74,1.86,1.2,6
52,0.01,0.94,0.04,1.05,-0.35,0.01,0.06,1.37,0.06,0.04,0.01,0.02,0.03,0.03,1.06,0.04,0.01,0.03,0.01,0.41,0.03,-1.25,0.29,5.41,0.55,0.58,1.63,1.43,2.63,1.38,7.23,0.17,1.93,0.24,0.02,0.38,1.02,0.05,0.04,0.92,0.83,0.43,1.29,10064.0,0.14,2.0,63.75,2.11,1.66,10.07,0.01,-0.48,-1.0,-0.02,-0.01,-0.02,-0.14,-0.02,0.19,-0.02,-0.49,0.0,0.02,0.0,0.0,1830.34,8905.21,2108.34,3149.33,106.92,787.88,1.06,1.02,0.94,0.91,3.33,-0.88,1.33,1.01,0.91,-0.16,-0.75,6
84,0.09,0.58,0.54,2.7,0.21,0.12,0.76,0.44,0.44,0.13,0.37,0.27,0.39,0.21,1.72,0.22,0.27,0.13,0.2,0.23,0.16,-12.17,3.64,5.59,0.98,0.28,1.05,0.57,0.0,0.46,0.75,0.71,0.0,0.51,0.28,0.14,0.62,0.13,0.29,1.48,0.32,2.98,4.75,210179.06,0.2,0.59,0.67,12.58,1.39,2.98,-0.35,-1.05,-0.02,-0.09,-0.19,-0.15,-0.32,-0.27,-1.56,-0.1,-0.68,0.0,0.01,0.01,0.11,708.46,2660.0,2453.92,2490.14,313.63,2110.34,1.3,1.26,1.07,1.15,1.6,2.26,1.06,1.12,0.82,1.84,-2.28,6
88,0.02,0.63,0.22,1.42,0.08,0.03,0.58,1.24,0.37,0.05,0.07,0.05,0.04,0.09,1.58,0.08,0.03,0.05,0.02,0.29,0.07,-2.65,0.68,5.1,0.46,0.14,2.33,1.9,0.0,1.26,5.85,0.49,0.0,0.64,0.04,0.52,1.34,0.08,0.06,1.16,0.52,1.16,1.53,27589.4,0.06,0.32,30.08,3.43,2.41,3.9,0.15,30.89,37.13,0.0,0.0,0.0,0.01,0.0,-0.17,0.0,0.01,0.0,0.0,0.0,0.0,569.59,6245.77,2675.71,3968.1,210.79,660.96,1.01,0.99,1.07,1.29,1.27,4.07,1.46,1.05,1.09,0.03,-0.12,6
124,0.22,0.42,0.62,3.0,0.23,0.24,1.69,1.49,0.7,0.24,0.78,0.16,0.19,0.59,2.4,0.58,0.16,0.24,0.15,0.47,0.54,-292.61,8.3,4.75,0.01,0.34,4.12,3.06,2.72,1.52,4.33,0.81,1.83,1.34,0.16,0.48,1.5,0.24,0.16,2.23,0.31,9.46,10.89,34542.0,0.32,0.15,3.21,30.18,4.81,20.02,0.12,8.16,0.06,0.03,0.02,0.07,0.26,0.09,1.59,0.03,0.11,0.0,0.01,0.01,0.17,738.67,2142.72,2137.6,2152.2,519.14,6984.15,0.29,0.25,0.85,0.84,1.29,8.02,0.8,0.77,0.65,3.45,0.27,6
130,-0.07,0.5,0.09,1.23,-1.0,-0.02,0.99,0.3,0.5,-0.04,-0.06,-0.07,-0.12,-0.04,1.99,-0.09,-0.08,-0.05,-0.25,1.5,-0.14,-3.59,0.18,5.37,1.24,-0.09,0.93,0.74,0.04,0.33,1.75,0.6,0.13,0.34,-0.16,-0.23,0.44,-0.05,-0.15,0.98,0.4,0.98,1.18,21354.0,-0.15,0.2,0.94,7.32,0.74,0.58,-0.65,-0.53,0.01,0.14,0.47,0.28,1.37,0.34,1.41,0.28,-2.94,0.0,0.0,0.0,0.0,798.63,-16677.96,-8814.14,-8482.4,397.64,782.21,1.87,1.35,0.89,0.79,0.43,1.09,0.58,1.01,0.73,1.28,-2.15,6
148,0.02,0.45,0.34,2.03,-0.06,0.03,1.23,0.45,0.55,0.04,0.1,0.08,0.09,0.08,2.24,0.09,0.08,0.04,0.05,0.61,0.05,-4.1,1.02,5.09,0.84,0.07,1.3,0.96,0.0,0.47,0.88,0.67,0.0,0.22,0.09,0.04,0.31,0.04,0.09,1.49,0.33,1.66,2.01,41161.43,0.04,0.21,0.8,14.21,1.37,1.36,-0.52,0.13,0.0,0.17,0.38,0.39,1.47,0.53,9.93,0.26,4.47,0.0,0.01,0.0,0.0,346.95,5590.82,4874.24,4918.59,191.27,575.4,1.51,1.57,0.83,0.74,0.5,5.2,0.76,0.62,0.77,2.35,-0.64,6
163,0.06,0.55,0.07,3.01,0.39,0.14,0.82,0.07,0.45,0.11,3.89,2.04,-20.35,0.26,1.82,0.2,2.04,0.11,0.89,0.07,0.11,3.33,0.08,5.85,7.11,0.24,-1.04,-0.07,0.0,0.07,0.21,0.96,0.0,2.08,1.56,3041.67,3.01,0.11,1.57,0.2,0.04,0.51,1.08,51703.65,0.14,1.13,3404.56,2.05,1.91,0.08,-1.03,-1.5,-0.01,-0.04,-0.6,-0.07,-0.08,-1.13,-2.09,-0.38,-0.38,0.0,0.0,0.05,0.0,1375.62,4441.87,5790.69,5804.2,621.3,696.82,1.34,2.65,1.31,1.25,1.63,2.96,1.14,1.34,0.59,1.62,0.95,6
164,0.05,0.97,0.22,3.71,0.6,0.07,0.92,0.47,0.89,0.06,0.86,0.38,0.15,0.18,1.03,0.07,0.14,0.06,0.11,0.28,0.17,19.15,0.3,5.02,1.74,0.07,5.18,0.43,0.0,0.48,0.24,1.77,0.0,1.61,0.13,0.6,2.68,0.17,0.37,0.31,0.08,1.22,2.44,22481.11,0.06,1.0,5.69,5.52,5.9,0.65,0.45,0.9,2.0,0.06,0.12,0.06,0.06,0.69,2.27,0.19,0.87,0.0,0.01,0.01,0.05,750.83,9764.53,3838.74,10555.73,665.85,917.19,0.82,0.96,1.0,0.99,0.43,1.67,4.42,0.55,0.85,-3.39,16.88,6
171,-0.01,0.63,0.13,1.27,-0.03,-0.01,0.58,0.09,0.37,0.0,-0.02,0.0,-0.02,0.0,1.58,0.0,-0.09,0.0,-0.07,0.39,0.0,0.24,0.33,5.72,5.89,0.0,0.2,0.15,0.0,0.09,3.88,0.52,0.0,0.27,-0.02,-0.49,1.24,0.01,0.06,0.96,0.48,0.94,1.33,67644.29,-0.02,0.42,7.3,0.19,0.19,0.23,1.27,-0.11,0.13,0.06,0.63,0.09,0.37,0.12,1.12,0.09,-31.51,0.0,0.0,0.0,0.0,377.12,-18088.87,25464.49,-77155.6,137.87,353.6,0.3,0.36,1.19,1.42,-0.04,2.19,0.8,1.35,1.65,24.17,-7.16,6
179,0.06,0.49,-0.1,0.61,0.3,0.08,1.05,0.13,0.51,0.12,0.33,0.61,1.71,0.17,2.05,0.2,0.6,0.1,0.48,0.21,0.13,-2.56,-0.11,5.36,3.35,0.19,0.38,0.19,0.0,0.19,0.41,0.75,0.0,0.14,0.71,1.23,0.4,0.1,0.72,0.31,0.25,0.6,0.89,-21704.18,0.13,0.47,2.56,2.12,0.55,0.16,-1.38,-1.51,-0.02,-0.04,-0.32,-0.09,-0.18,-0.17,-2.71,-0.29,-0.45,0.0,0.0,0.0,0.0,102.57,646.19,543.61,547.85,52.64,61.96,1.13,0.92,1.11,1.33,4.06,-5.1,1.65,1.0,2.63,-0.94,4.36,6
239,0.02,0.81,0.15,1.27,-0.5,0.06,0.23,0.27,0.19,0.04,0.1,0.23,0.16,0.08,1.23,0.05,0.21,0.04,0.07,0.69,0.03,2.33,0.54,4.83,2.56,0.21,0.43,0.3,0.0,0.28,0.54,0.44,0.0,0.19,0.15,0.03,0.24,0.05,0.17,0.88,0.56,0.67,1.54,10339.24,0.1,1.31,0.47,9.96,0.49,0.97,-1.96,7.58,1.94,0.0,0.01,0.0,0.01,0.0,0.09,0.0,0.06,0.0,0.0,0.0,0.0,975.65,3179.24,4048.97,4542.63,184.82,650.07,0.92,0.85,1.08,1.16,1.59,-661.44,1.13,1.22,0.95,0.22,-20.38,6
249,0.03,0.67,0.38,1.85,0.03,0.03,0.49,1.63,0.33,0.05,0.07,0.03,0.03,0.07,1.49,0.07,0.02,0.05,0.02,0.29,0.07,-3.91,2.3,3.97,0.41,0.14,3.6,2.42,1.63,1.67,3.72,0.55,1.0,1.1,0.03,1.96,1.81,0.06,0.04,1.24,0.45,1.98,3.3,3595.0,0.1,0.67,96.26,5.11,3.61,9.79,0.23,-0.42,-0.17,-0.08,-0.05,-0.12,-0.36,-0.18,1.72,-0.09,-1.76,0.0,0.0,0.0,0.0,817.64,8018.84,4580.62,5978.25,269.03,1616.69,0.85,0.86,1.06,1.03,0.77,3.24,0.92,0.91,0.97,9.53,-1.06,6
275,0.04,0.46,0.56,2.91,0.07,0.05,1.21,1.69,0.56,0.06,0.16,0.05,0.0,0.19,2.16,-0.02,0.03,-0.01,0.03,0.49,0.18,0.97,3.97,3.77,0.27,-0.01,6.05,3.85,0.0,1.78,2.59,0.73,0.0,0.96,0.0,0.1,1.48,0.03,0.02,1.85,0.29,3.95,5.14,3296.13,0.08,0.3,3.99,11.1,5.72,11.9,0.08,-0.32,-0.28,-0.14,-0.08,-0.29,-0.81,-0.46,-345.16,-0.16,17.69,0.0,0.0,0.0,0.0,1481.25,17224.82,26791.21,-107729.69,829.64,5851.09,1.56,1.57,0.9,0.94,-0.37,65.09,1.14,0.46,1.03,-7.94,0.28,6
358,0.0,0.67,0.31,1.67,0.0,0.0,0.49,1.55,0.33,0.02,-0.01,0.03,0.01,0.08,1.49,0.02,0.0,0.01,0.0,0.33,0.09,-0.59,1.36,3.16,0.43,0.04,3.41,2.35,1.55,1.59,3.67,0.54,1.0,0.54,0.01,1.01,1.66,0.07,0.04,1.15,0.46,1.45,2.37,444.0,0.01,0.64,443.2,2.98,3.35,6.8,0.2,0.02,0.27,0.21,0.13,0.31,0.99,0.45,3.01,0.27,15.47,0.0,0.0,0.0,0.0,1514.68,-103086.0,7216.02,37285.28,499.02,2191.37,1.22,1.23,0.82,0.79,-0.83,-0.04,0.5,0.78,0.95,-1.93,8.28,6
367,-0.03,1.21,-0.49,0.55,-0.67,-0.05,-0.17,0.04,-0.21,-0.03,-0.05,-0.97,-0.26,-0.03,0.83,-0.03,-1.33,-0.04,-0.77,0.47,-0.01,2.55,-1.21,4.22,29.3,0.18,0.14,0.13,0.07,0.12,1.21,-0.09,1.8,0.11,-0.98,-0.06,0.13,-0.02,-0.63,0.5,1.09,-0.51,-0.22,-7974.0,0.14,-0.58,0.08,1.69,0.03,0.09,-6.15,3.31,-1.51,-0.01,-0.23,-0.01,-0.07,-0.01,-0.26,-0.01,0.24,0.0,0.0,0.0,0.0,-832.95,-3479.25,-7385.26,-4716.16,170.99,426.76,0.08,0.34,1.03,1.23,-0.28,-0.37,1.37,0.31,0.96,0.06,-0.36,6
368,-0.01,0.06,0.76,17.75,-0.1,0.0,14.83,0.18,0.94,0.0,-0.11,0.04,-0.04,0.11,15.83,-0.13,-0.03,-0.01,-0.04,1.04,0.08,12.07,3.88,3.99,-1.04,-0.01,4.27,3.06,0.18,0.19,17.59,0.95,1.0,5.51,-0.05,-0.01,6.92,0.0,0.02,12.73,0.05,4.79,4.88,7486.0,-0.01,0.02,0.36,2.77,3.9,0.9,1.51,-0.61,1.08,0.01,0.06,0.18,0.63,0.25,0.09,0.01,-1.37,0.0,0.0,0.0,0.0,485.99,-92226.33,115141.03,-55671.96,455.3,2326.68,0.64,0.61,0.66,0.61,0.22,1.36,0.48,1.71,0.08,-0.07,-1.08,6
382,-0.05,1.68,-0.39,0.26,-1.42,-0.05,-0.41,0.12,-0.68,0.01,-0.09,-0.4,-0.12,-0.03,0.59,-0.01,-0.4,-0.01,-0.4,0.73,-0.03,0.18,-0.46,3.85,14.47,0.01,0.25,0.08,0.12,0.12,0.12,0.47,1.0,0.22,-0.08,-11.36,0.26,-0.01,-0.08,0.08,0.53,-0.79,0.54,-2775.0,0.07,-1.69,28.41,5.32,0.22,0.14,-2.32,1.35,0.0,-0.03,-0.3,-0.02,-0.03,-0.06,-0.9,-0.24,3.48,0.0,0.0,0.0,0.0,-19.38,-284.33,-1376.91,-1339.1,13.2,15.37,0.1,0.09,1.04,0.73,0.02,5.47,1.38,0.65,0.78,-1.32,2.62,6
388,-0.06,0.8,-0.17,0.47,-0.07,-0.06,0.25,0.18,0.2,-0.05,-0.2,-0.24,-0.22,-0.05,1.25,-0.07,-0.36,-0.05,-0.36,0.26,-0.05,4.43,-0.21,3.54,4.44,-0.27,0.77,0.31,0.0,0.2,0.12,0.67,0.0,0.05,-0.3,-0.67,0.18,-0.03,-0.17,0.19,0.33,0.23,0.79,-607.73,-0.33,2.4,1.87,4.31,0.55,0.21,-1.12,-6.97,2.36,0.01,0.05,0.01,0.02,0.03,-7.51,0.06,-0.17,0.0,0.0,0.0,0.0,1048.7,-3195.07,-6576.67,-3874.47,206.95,244.64,0.33,0.3,1.01,0.57,0.19,-1.92,0.92,0.49,0.48,0.04,-0.98,6
